id,Material Type,Process Type,call_number,Library Name,Location Name,mms_id,title,ISBN,ISSN,Author,Publisher,Publication Place,Publication Date,Subjects,651$$0,651$$1,Num of Loans Including Pre-Migration (In House),Description,Internal Note 1,Internal Note 2,Internal Note 3,date_acquired,Item Modification Date
31154050256120,Book,In Process,PA3316 .P74,NYU Inst Study Ancient World,Small Collection,990012741430107876,Sammelbuch griechischer Urkunden aus Ägypten /,3111793362; 9783111793368; 3110843226; 9783110843224; 311084530X; 9783110845303; 3110845318; 9783110845310; 3447007281; 9783447007283; 344700729X; 9783447007290; 3447007303; 9783447007306; 344700732X; 9783447007320; 3447007338; 9783447007337; 3447007346; ,,,Harrassowitz Verlag; Im selbstverlag des verfassers; Walter de Gruyter & Co; Verlag von Karl J Trübner,Strassburg :,1915-<2025>,"Manuscripts, Greek (Papyri)--Egypt.; Inscriptions, Greek--Egypt.; Ostraka--Egypt.; Egypt--Antiquities.; Names, Personal--Greek--Egypt.; Ostraka.; Names, Personal--Greek.; ostraka.; Antiquities; Inscriptions, Greek; Manuscripts, Greek (Papyri); Names, Personal--Greek; Ostraka; Egypt; Griekse oudheid.; Byzantijnse tijd.; Aegyptus.; Ancient Egypt (region); Egypt.; Papyrus grecs.; Inscriptions grecques--Égypte.; Ostraca.; Noms de personnes grecs.; Égypte--Antiquités.; Papyrus grecs--Égypte.; Ostraca--Égypte.; Noms de personnes grecs--Égypte.",https://pleiades.stoa.org/places/766; https://pleiades.stoa.org/places/981503; http://vocab.getty.edu/tgn/7016833;,https://id.oclc.org/worldcat/entity/E39QbtfRDwpX7XgppvP7ww3J9c;,0,Bd.14:1981,Robert Bagnall,,,2025-12-16,2025-12-16
31154062316078,Book,,CN1161.C44 M627 2018,NYU Inst Study Ancient World,Large Collection,990080950510107876,Mo shi cang zhen : Chengdu Wuhou ci xian cun bei ke /,7030573196; 9787030573193,,,Ke xue chu ban she,Beijing :,2018.,"Wuhou ci (Chengdu, China)--Antiquities.; Epitaphs--China--Chengdu.; Inscriptions, Chinese--China--Chengdu.; Chengdu (China)--Antiquities.; Wuhou ci (Chengdu, China); Antiquities; Epitaphs; Inscriptions, Chinese; China--Chengdu; Chengdu.; Temple of Marquis Wu, Chengdu.; Épitaphes--Chine--Chengdu.; Inscriptions chinoises--Chine--Chengdu.",http://vocab.getty.edu/tgn/7001761;,https://id.oclc.org/worldcat/entity/E39PBJtGXpbPh3Xp4YDFx3yKh3; http://www.wikidata.org/entity/Q1069942,0,,,,,2025-12-04,2025-12-04
31154068975737,Book,,DS35.65 .I74 v.4 2012,NYU Inst Study Ancient World,Small Collection,9998768348107876,Texts and studies on Ibn Isḥāq and Ibn Hišām /,3829822057; 9783829822053,,,Institut für Geschichte der Arabisch-Islamischen Wissenschaften,Frankfurt :,2012.,"Muḥammad,--Prophet,---632.; Ibn Hishām, ʻAbd al-Malik,---834--Criticism and interpretation.; Āl al-Shaykh, ʻAbd Allāh ibn Muḥammad ibn Isḥāq--Criticism and interpretation.; Muslims--Saudi Arabia--Biography.; Muslims--History.; First Islamic state.; Musulmans--Arabie saoudite--Biographies.; Musulmans--Histoire.",,http://www.wikidata.org/entity/Q76821846,0,,,,,2025-12-04,2025-12-04
31154068975745,Book,,DS35.65 .I74 v.5 2012,NYU Inst Study Ancient World,Small Collection,9998771378907876,Der Tod des Ḥusein ben ʼAlí und die Rache : ein historischer Roman aus dem Arabischen /,3829822065; 9783829822060,,"Abū Mikhnaf, -774, author.",Institute for the History of Arabic-Islamic Science at the Johann Wolfgang Goethe University,Frankfurt am Main :,2012.,"Ḥusayn ibn ʻAlī,---680.; Ḥusayn ibn ʻAlī,---680--Death and burial.; Shīʿah--History--Early works to 1800.; Chiisme--Histoire--Ouvrages avant 1800.",,,0,,,,,2025-12-10,2025-12-10
31154068975760,Book,,DS35.65 .I74 v.7 2012,NYU Inst Study Ancient World,Small Collection,9998768352607876,Texts and studies on the Kitāb al-aṣnām by Ibn al-Kalbī (d. ca. 206/821),3829822081; 9783829822084,,,Institute for the History of Arabic-Islamic Science at the Johann Wolfgang Goethe University,Frankfurt am Main :,2012.,"Ibn al-Kalbī,---819?--Criticism and interpretation.; Idols and images--Arabian Peninsula--Worship.; Arabian Peninsula--Religion.; Arabian Peninsula--Religious life and customs.; Arabia.; Idoles et images--Arabie (Péninsule)--Culte.; Arabie (Péninsule)--Religion.",https://pleiades.stoa.org/places/29475;,,0,,,,,2025-12-03,2025-12-03
31154068975778,Book,,DS35.65 .I74,NYU Inst Study Ancient World,Small Collection,9998768348007876,Ghurar akhbār mulūk al-Furs wa-siyarihim = Histoire des rois des Perses /,3829822111; 9783829822114; 382982209X; 9783829822091; 3829822103; 9783829822107,,"Thaʻālibī, ʻAbd al-Malik ibn Muḥammad, 961 or 962-1037 or 1038, author.",Institute for the History of Arabic-Islamic Science at the Johann Wolfgang Goethe University,Frankfurt am Main :,2012.,Iran--History--To 640.; Iran--History--640-1500.; Iran--Kings and rulers.; Islamic civilization.; Persia.; Iran--Histoire--Jusqu'à 651.; Iran--Histoire--651-1501.; Civilisation islamique.,http://vocab.getty.edu/tgn/7024079;,,0,v.8:2012,,,,2025-12-04,2025-12-04
31154068975786,Book,,DS35.65 .I74,NYU Inst Study Ancient World,Small Collection,9998768348007876,Ghurar akhbār mulūk al-Furs wa-siyarihim = Histoire des rois des Perses /,3829822111; 9783829822114; 382982209X; 9783829822091; 3829822103; 9783829822107,,"Thaʻālibī, ʻAbd al-Malik ibn Muḥammad, 961 or 962-1037 or 1038, author.",Institute for the History of Arabic-Islamic Science at the Johann Wolfgang Goethe University,Frankfurt am Main :,2012.,Iran--History--To 640.; Iran--History--640-1500.; Iran--Kings and rulers.; Islamic civilization.; Persia.; Iran--Histoire--Jusqu'à 651.; Iran--Histoire--651-1501.; Civilisation islamique.,http://vocab.getty.edu/tgn/7024079;,,0,v.9:2012,,,,2025-12-04,2025-12-04
31154068975794,Book,,DS35.65 .I74 v.10 2014 Non-Circulating,NYU Inst Study Ancient World,Small Collection,9998769678907876,Abū Muḥammad ʿAbdallāh Muḥammad b. ʿUmar al-Wāqidī (d. 207/823) : texts and studies /,382982212X; 9783829822121,,,Institute for the History of Arabic-Islamic Science at the Johann Wolfgang Goethe University,Frankfurt am Main :,2014.,"Wāqidī, Muḥammad ibn ʻUmar,--747 or 748-823.--Maghāzī.; Muḥammad,--Prophet,---632--Campaigns--Early works to 1800.; Muḥammad,--Prophet,---632--Biography--Early works to 1800.; Islamic Empire--History, Military--Early works to 1800.; Islamic Empire--History--622-661--Early works to 1800.; First Islamic state.; Mahomet,--le prophète,---632--Biographie--Ouvrages avant 1800.; Empire islamique--Histoire militaire--Ouvrages avant 1800.; Empire islamique--Histoire--622-661--Ouvrages avant 1800.",,http://www.wikidata.org/entity/Q76821846;,0,,,,,2025-12-09,2025-12-12
31154068975802,Book,,DS35.65 .I74 v.11 2014,NYU Inst Study Ancient World,Small Collection,9998771377007876,Kitāb futūḥ al-buldān = Liber expugnationis regionum /,3829822138; 9783829822138,,"Balādhurī, Aḥmad ibn Yaḥyá, -892, author.",Institut für Geschichte der Arabisch-Islamischen Wissenschaften,Frankfurt :,2014.,Islamic Empire--History--Early works to 1800.; Muslims--History.; Rashidun Caliphate.; Umayyad Caliphate.; Musulmans--Histoire.,http://vocab.getty.edu/tgn/8698196; http://vocab.getty.edu/tgn/8711885,,0,,,,,2025-12-09,2025-12-12
31154068975810,Book,,DS35.65 .I74 v.12 2014,NYU Inst Study Ancient World,Small Collection,9998771377107876,"El-Belâd̲orî's ""kitâb futûḥ el-buldân"" (Buch der Eroberung der Länder) nach de Goeje's edition (Leyden 1866) ins Deutsche übersetzt von Oscar Rescher.",3829822146; 9783829822145,,"Balādhurī, Aḥmad ibn Yaḥyá, -892, author.",Institute for the History of Arabic-Islamic Science at the Johann Wolfgang Goethe University,Frankfurt am Main :,2014.,Muslims.; Islamic Empire.; Islam--History.; Rashidun Caliphate.; Umayyad Caliphate.; Musulmans.; Empire islamique.; Islam--Histoire.,http://vocab.getty.edu/tgn/8698196; http://vocab.getty.edu/tgn/8711885;,,0,,,,,2025-12-09,2025-12-12
31154068975844,Book,,DS35.65 .I74 v.15 2014,NYU Inst Study Ancient World,Small Collection,9998768351607876,Anonyme arabische Chronik.,3829822170; 9783829822176,,"Balādhurī, Aḥmad ibn Yaḥyá, -892, author.",Institut für Geschichte der Arabisch-Islamischen Wissenschaften,Frankfurt :,2014.,Umayyad dynasty--Early works to 1800.; Islamic Empire--History--661-750.; Arabs--Genealogy--Early works to 1800.; Umayyad Caliphate.; Omeyyades--Ouvrages avant 1800.; Empire islamique--Histoire--661-750.; Arabes--Généalogies--Ouvrages avant 1800.,http://vocab.getty.edu/tgn/8711885;,,0,,,,,2025-12-03,2025-12-03
31154068975877,Book,,Q127.I74 I74 v.116 2022,NYU Inst Study Ancient World,Small Collection,9998769678807876,L'achèvement de l'enquête et la correction des fondements : = Nihāyat al-sūl fī taṣḥīḥ al-uṣūl /,3829841264; 9783829841269,,"Ibn al-Shāṭir, ʻAlī ibn Ibrāhīm, 1304-1375, author.",Institut für Geschichte der Arabisch-Islamischen Wissenschaften,Frankfurt :,2022.,Astronomy--Early works to 1800.; Science--Islamic Empire--History.; Mamluk Sultanate.; Astronomie--Ouvrages avant 1800.; Sciences--Empire islamique--Histoire.,http://vocab.getty.edu/tgn/6003667,,0,,,,,2025-12-09,2025-12-12
31154068978046,Book,,DF221.C8 .F736 2025,NYU Inst Study Ancient World,Large Collection,9998768350607876,"Greek and Roman pottery from Sphakia, south-west Crete : from the White Mountains to the deep blue sea /",9798888570500,,"Francis, Jane E., 1962- author.",Oxbow Books,"Oxford, UK ; Havertown, PA :",2025.,"Pottery, Classical--Greece--Sphakia District.; Sphakia District (Greece)--Antiquities.; Crete (Greece)--Antiquities.; Crete (Greece)--Antiquities--Research.; Sfakia.; Crète (Grèce)--Antiquités.; Crète (Grèce)--Antiquités--Recherche.",https://pleiades.stoa.org/places/319398180;,,0,,,,,2025-12-03,2025-12-03
31154068978053,Mixed material,,Game Lions,NYU Inst Study Ancient World,Reference 3 Collection,9998771377307876,Lions of Lydia /,,,"Pac, Jonny, designer.",Bellwether Games,"Bryan, TX :",[2021],Board games; Board games.; Lydia (Kingdom); Jeux de plateaux.,https://pleiades.stoa.org/places/351685830,,0,,,,,2025-12-11,2025-12-11
31154068978079,Book,,DG70.P7 C37 2025,NYU Inst Study Ancient World,Oversize Collection,9998764722307876,"Il restauro architettonico a Pompei I : cantieri, tecniche e valenze ideologiche /",6256212312; 9786256212312,,"Casa, Giacomo, author.",Yayinlari,"Istanbul, Turkiye :",[2025],"Architecture--Conservation and restoration--History.--Italy--Pompeii (Extinct city); Architecture, Roman--Italy--Pompeii (Extinct city); Pompeii.; Architecture--Conservation et restauration--Histoire.--Italie--Pompéi (Ville ancienne); Architecture romaine--Italie--Pompéi (Ville ancienne)",https://pleiades.stoa.org/places/433032,,0,,,,,2025-12-17,2025-12-17
31154068992229,Book,,PL2448 .J5363 2023,NYU Inst Study Ancient World,Small Collection,9998707556807876,Jian du wen shu yu Han dai xi bei bian zheng /,7522717922; 9787522717920,,,Zhongguo she hui ke xue chu ban she,Beijing :,2023.,"Inscriptions, Chinese.; Wooden tablets--China.; China, Northwest--Politics and government.; China, Northwest--Boundaries.; China--History--Han dynasty, 202 B.C.-220 A.D.; Northwest China.; Inscriptions chinoises.; Tablettes en bois--Chine.; Chine--Histoire--202 av. J.-C.-220 (Dynastie des Han)",,https://www.wikidata.org/entity/Q1153001;,0,,,,,2025-12-04,2025-12-04
31154069007159,Book,,DS353 .B34 2025,NYU Inst Study Ancient World,Small Collection,9998768652207876,Ancient civilizations of Afghanistan : from the earliest times to the Mongol conquest /,1836390920; 9781836390923,,"Ball, Warwick, author.",Reaktion Books,London :,2025.,Excavations (Archaeology)--Afghanistan.; Excavations (Archaeology)--Research--Afghanistan.; Islam--Relations--Buddhism.; Buddhism--Relations--Islam.; Afghanistan--Civilization--History.; Afghanistan--Antiquities.; Excavations (Archaeology); Afghanistan; Afghanistan.; Afghānistān--Antiquités.; Fouilles (Archéologie)--Recherche--Afghānistān.; Islam--Relations--Bouddhisme.; Bouddhisme--Relations--Islam.,http://vocab.getty.edu/tgn/7016612;,https://id.oclc.org/worldcat/entity/E39PBJjXpC7xxDYf4fj9jQq4v3;,0,,,,,2025-12-04,2025-12-04
31154069007167,Book,In Process,KL2214 .N48 Beiheft 1937a,NYU Inst Study Ancient World,Large Collection,9998769780807876,Neubabylonische Rechts- und Verwaltungsurkunden.,,,"Ungnad, Arthur, 1879-1945.",J C Hinrichs,Leipzig :,1937.,Legal instruments--Iraq--Babylonia.; Law--Iraq--Babylonia--Sources.; Akkadian language--Dictionaries.; Akkadian language; Dictionaries; Babylonia.; Actes instrumentaires--Irak--Babylonie.; Droit--Irak--Babylonie--Sources.,https://pleiades.stoa.org/places/912816,,0,,,,,2025-12-08,2025-12-15
31154069007175,Book,In Process,BL1620 .M86 1937a,NYU Inst Study Ancient World,Large Collection,9998769780507876,Das assyrische Ritual.,,,"Müller, Karl Friedrich, 1908-",JC Hinrichs,Leipzig :,1937.,Assyro-Babylonian literature--Translations into German.; Akkadian language--Texts.; Coronations--Assyria.; Assyria--Religious life and customs.; Assyria (kingdom); Akkadien (Langue)--Textes.; Couronnements--Assyrie.,https://pleiades.stoa.org/places/29492,,0,,,,,2025-12-08,2025-12-15
31154069007183,Book,In Process,DS56 .R46 1993b,NYU Inst Study Ancient World,Small Collection,9998769780407876,"Houses and households in Ancient Mesopotamia : programme and abstracts (cooṕeration, list of participants).",,,"Rencontre assyriologique internationale Leiden, Netherlands) 1993 : (40th :",Assyriologisch Instituut der Rijksuniversiteit Nederlands Instituut voor het Nabije Oosten,Leiden :,1993.,"Iraq--Antiquities--Congresses.; Dwellings--Iraq--Congresses.; Architecture, Domestic--Iraq--Congresses.; Households--Iraq--Congresses.; Antiquities; Architecture, Domestic; Dwellings; Households; Iraq; Conference papers and proceedings; Mesopotamia (region); Irak--Antiquités--Congrès.; Habitations--Irak--Congrès.; Ménages (Statistique)--Irak--Congrès.",https://pleiades.stoa.org/places/874602;,https://id.oclc.org/worldcat/entity/E39PBJtCBPBdMfmXtd4M8cvJXd;,0,,,,,2025-12-08,2025-12-15
31154069007191,Book,In Process,DS485.K465 K47 2020,NYU Inst Study Ancient World,Small Collection,9998769778707876,Kerala archaeological series.,,,,Department of Cultural Affairs Government of Kerala; Department of Archaeology Government of Kerala,Thiruvananthapuram :,2020.,"Inscriptions, Indic--India--Kerala.; Excavations (Archaeology)--India--Kerala.; Kerala (India)--Antiquities.; Kerala (India)--History--Sources.; Kerala.; Fouilles (Archéologie)--Inde--Kerala.",http://vocab.getty.edu/tgn/1001886,,0,,,,,2025-12-08,2025-12-15
31154069007209,Book,In Process,DS485.K465 K47 2021,NYU Inst Study Ancient World,Small Collection,9998769778507876,Kerala archaeological series.,,,,Department of Archaeology Government of Kerala,Thiruvananthapuram :,2021.,"Inscriptions, Indic--India--Kerala.; Excavations (Archaeology)--India--Kerala.; Kerala (India)--Antiquities.; Kerala (India)--History--Sources.; Kerala.; Fouilles (Archéologie)--Inde--Kerala.",http://vocab.getty.edu/tgn/1001886,,0,,,,,2025-12-08,2025-12-15
31154069007217,Mixed material,,Game Curators,NYU Inst Study Ancient World,Reference 3 Collection,9998771071207876,Curators : collection conundrum /,,,"Westerlund, Jacob, designer.",Worldshapers,"Linköping, Sweden :",[2021],Museums--Curatorship--Games.; Museum curators--Games.; Educational games.; Puzzles and games.; Board games.; Jeux éducatifs.; Jeux de plateaux.; Conservation (Muséologie)--Jeux.,,,0,,,,,2025-12-11,2025-12-11
31154069007225,Mixed material,,Game Egizia,NYU Inst Study Ancient World,Reference 3 Collection,9998771071107876,Egizia : shifting sands /,,,"Brasini, Flaminia, designer.",Stronghold Games,"Boynton Beach, FL :",[2019],"Architecture, Ancient--Egypt.; monuments.; Architecture, Ancient; Monuments; Egypt; Puzzles and games; Puzzles and games.; Board games.; Nilus (river); Jeux de plateaux.; Monuments.; Architecture antique--Égypte.",https://pleiades.stoa.org/places/727172,https://id.oclc.org/worldcat/entity/E39QbtfRDwpX7XgppvP7ww3J9c;,0,,,,,2025-12-11,2025-12-11
31154069007233,Book,,DS54.3 .K537 2024,NYU Inst Study Ancient World,Small Collection,9998772264307876,Cyprus and Ugarit : connecting material and mercantile worlds /,9464263040; 9789464263046; 9789464263053; 9464263059; 9789464263060; 9464263067,,"Knapp, Arthur Bernard, author.",Sidestone Press,Leiden :,[2024],Cyprus--Antiquities.; Ugarit (Extinct city)--Antiquities.; Bronze age--Cyprus.; Bronze age--Syria--Ugarit (Extinct city); Antiquities; Cyprus; Syria--Ugarit (Extinct city); Cyprus (island); Leukos Limen.; Chypre--Antiquités.; Âge du bronze--Chypre.,https://pleiades.stoa.org/places/707498; https://pleiades.stoa.org/places/668295;,https://id.oclc.org/worldcat/entity/E39QbtfRphw4TgXv6FQ8hcYXqp;,0,,,,,2025-12-15,2025-12-15
31154069007241,Book,,R135.3 .Z57 2021,NYU Inst Study Ancient World,Small Collection,9998772264207876,The loss of male sexual desire in Ancient Mesopotamia : nīš libbi therapies /,3110757044; 9783110757040; 9783110757262; 3110757265; 9783110757330; 3110757338,,"Zisa, Gioele, author.",De Gruyter,Berlin ; Boston :,[2021],"Medicine, Assyro-Babylonian.; Impotence--Treatment.; Sexual desire disorders--Treatment.; Akkadian language--Texts.; Sexual Dysfunctions, Psychological--history; Genital Diseases, Male--history; Sexual Dysfunctions, Psychological--therapy; Genital Diseases, Male--therapy; Mesopotamia; Impotence--Treatment; Medicine, Assyro-Babylonian; Mesopotamia (region); Médecine assyro-babylonienne.; Impuissance sexuelle--Traitement.; Troubles du désir sexuel--Traitement.; Akkadien (Langue)--Textes.",https://pleiades.stoa.org/places/874602,,0,,,,,2025-12-15,2025-12-15
31154069007258,Book,,PA4004 .H4723 2023,NYU Inst Study Ancient World,Small Collection,9998772264107876,Herodotean soundings : the Cambyses Logos /,3823383299; 9783823383291,,,Narr Francke Attempto,Tübingen :,[2023],"Herodotus.--History.--Book 3--Congresses.; Cambyses--II,--King of Persia,---522 B.C.--Congresses.; Egypt--History--To 332 B.C.--Congresses.; Cambyses--II,--King of Persia,---522 B.C.; History (Herodotus); Egypt; To 332 B.C.; proceedings (reports); Conference papers and proceedings; History; Conference papers and proceedings.; Ancient Egypt (region); Actes de congrès.; Égypte--Histoire--Jusqu'à 332 av. J.-C.--Congrès.; Cambyses.",https://pleiades.stoa.org/places/981503;,https://id.oclc.org/worldcat/entity/E39QbtfRDwpX7XgppvP7ww3J9c;,0,,,,,2025-12-15,2025-12-15
31154069007266,Book,,DS57 .S874 2023,NYU Inst Study Ancient World,Reference 4 Collection,9998772263907876,Altorientalistik : Einführung /,3848781972; 9783848781973; 9783748926030; 3748926030,,"Streck, Michael P., author.",Ergon; Nomos Bibliothek,Baden-Baden : [Baden-Baden] :,2023.,Middle East--Civilization--To 622.; Middle East--History--To 622.; Middle East.; Moyen-Orient--Civilisation--Jusqu'à 622.; Moyen-Orient--Histoire--Jusqu'à 622.,http://vocab.getty.edu/tgn/7001526;,,0,,,,,2025-12-15,2025-12-15
31154069007274,Book,,DS56 .A34 2021,NYU Inst Study Ancient World,Small Collection,9998772263507876,Afterlives of ancient rock-cut monuments in the Near East : carvings in and out of time /,9004462074; 9789004462076; 9789004462083; 9004462082,,,Brill,Leiden ; Boston :,[2021],Middle East--Antiquities.; Monuments--Middle East.; Inscriptions--Middle East.; Cultural landscapes--Middle East--History--To 1500.; Antiquities in literature.; Middle East--Historiography.; Historiography--Cross-cultural studies.; Monuments; Inscriptions; Antiquities; Antiquities in literature; Cultural landscapes; Historiography; Middle East; To 1500; Cross-cultural studies; History; Middle East.; Moyen-Orient--Antiquités.; Antiquités dans la littérature.; Historiographie--Études transculturelles.,http://vocab.getty.edu/tgn/7001526;,,0,,,,,2025-12-15,2025-12-15
31154069007282,Book,,N7750 .B33 2022,NYU Inst Study Ancient World,Small Collection,990087084370107876,Ancient Egyptian animal fables : tree climbing hippos and ennobled mice /,9004466940; 9789004466944; 9789004466951; 9004466959,,"Babcock, Jennifer Miyuki, author.",Brill,Leiden ; Boston :,[2022],"Fables, Egyptian--Illustrations.; Animals in art.; Anthropomorphism in art.; Art, Egyptian--Themes, motives.; Fables, Egyptian; Animals in art; Anthropomorphism in art; Art, Egyptian--Themes, motives; fables.; Fables; Illustrated works; Deir el-Medina.; Ancient Egypt (region); Fables.; Anthropomorphisme dans l'art.; Art égyptien--Thèmes, motifs.",https://pleiades.stoa.org/places/864388873; https://pleiades.stoa.org/places/981503,,0,,,,,2025-12-15,2025-12-15
31154069007290,Book,,CD5369 .C76 2024,NYU Inst Study Ancient World,Large Collection,9998772261207876,Icon : art and meaning in Aegean seal images /,3969292875; 9783969292877; 9783969292860; 3969292867,,"Crowley, Janice L., author.",Propylaeum,"Heidelberg, Germany :",2024.,"Seals (Numismatics)--Aegean Islands (Greece and Turkey); Seals (Numismatics)--Greece--Crete.; Art, Aegean.; Classical antiquities.; Bronze age--Aegean Islands (Greece and Turkey); Aegean Islands (Greece and Turkey)--Antiquities.; classical archaeology.; Antiquities; Art, Aegean; Bronze age; Classical antiquities; Seals (Numismatics); Mediterranean Region--Aegean Islands; Aegaeum Mare.; Creta (island); Art égéen.; Antiquités gréco-romaines.; Sceaux--Égée, Îles de la mer (Grèce et Turquie); Sceaux--Grèce--Crète.",https://pleiades.stoa.org/places/560221; https://pleiades.stoa.org/places/589748,https://id.oclc.org/worldcat/entity/E39PBJh4w6WQtYrgvc3qhwFBT3;,0,,,,,2025-12-15,2025-12-15
31154069007308,Book,,DS56 .A774 2024,NYU Inst Study Ancient World,Small Collection,9998772261107876,The archaeology of the 'margins' : studies on ancient West Asia in honour of Peter M.M.G. Akkermans /,9789464262919; 9464262915; 9789464262926; 9464262923; 9789464262933; 9464262931,,,Sidestone Press,Leiden :,[2024],"Akkermans, Peter M. M. G.; Excavations (Archaeology)--Middle East.; Neolithic period--Middle East.; Archaeology--Middle East.; Middle East--Antiquities.; Middle East.; Moyen-Orient--Antiquités.",http://vocab.getty.edu/tgn/7001526;,,0,,,,,2025-12-15,2025-12-15
31154069007316,Book,,DS156.S275 S25 v.2 2025,NYU Inst Study Ancient World,Large Collection,9998738500607876,Salat Tepe Yukarı Dicle havzasında bir erken tunç çağı köyü = an early bronze age village in the Upper Tigris region /,6256925815; 9786256925816,,"Ökse, Tuba, author.",Bilgin Kültür Sanat Yayınları,Ankara :,2025.,"Excavations (Archaeology)--Turkey--Diyarbakır İli.; Diyarbakır İli (Turkey)--Antiquities.; Bronze age--Turkey--Diyarbakır İli.; Excavations (Archaeology)--Tigris River Valley.; Excavations (Archaeology)--Turkey--Diyarbakır.; Salat Tepe.; Tigris/Diglitus (river); Diyarbakır.; Fouilles (Archéologie)--Tigre, Vallée du.; Fouilles (Archéologie)--Turquie--Diyarbakır.; Fouilles (Archéologie)--Turquie--Diyarbakır (İl)",https://pleiades.stoa.org/places/899723866; https://pleiades.stoa.org/places/912964; http://vocab.getty.edu/tgn/1001214,,0,,,,,2025-12-15,2025-12-15
31154069007324,Book,In Process,DS70.7 .E43 2021,NYU Inst Study Ancient World,Small Collection,9998772261007876,L'Empire assyrien : histoire d'une grande civilisation de l'Antiquité /,2262076677; 9782262076672,,"Elayi, Josette, author.",Perrin,Paris :,[2021],"Civilization, Assyro-Babylonian.; Assyria--Antiquities.; Antiquities; Civilization, Assyro-Babylonian; Middle East--Assyria; Assyria (kingdom); Civilisation assyro-babylonienne.; Assyrie--Antiquités.",https://pleiades.stoa.org/places/29492;,,0,,,,,2025-12-15,2025-12-18
31154069007332,Book,,BT1410 .H88 2023,NYU Inst Study Ancient World,Small Collection,9998772260907876,Der Manichäismus : vom Iran in den Mittelmeerraum und über die Seidenstrasse nach Südchina /,3777223301; 9783777223308,,"Hutter, Manfred, 1957- author.",Anton Hiersemann,Stuttgart :,2023.,Manichaeism.; Persia.; Roman Empire.; Central Asia.; Eastern Hemisphere.; Manichéisme.,http://vocab.getty.edu/tgn/7024079; http://vocab.getty.edu/tgn/7030347; http://vocab.getty.edu/tgn/8697475;,https://www.wikidata.org/entity/Q186198,0,,,,,2025-12-15,2025-12-15
31154069007340,Book,In Process,PN871 .H66 2018,NYU Inst Study Ancient World,Small Collection,990059295040107876,"The Homeric epics and the Chinese ""Book of songs"" : foundational texts compared /",9781527504004; 152750400X,,,Cambridge Scholars Publishing,Newcastle upon Tyne :,2018.,"Homer; Chinese poetry; Comparative literature; Comparative literature--Chinese and Western; Comparative literature--Western and Chinese; To 221 B.C.; Criticism, interpretation, etc.; Homerus--ca. v8. Jh.--Ilias; Homerus--ca. v8. Jh.--Odyssea 24,205-412; Shi, Jing; Homer--Criticism and interpretation.; Comparative literature.; Comparative literature--Western and Chinese.; Comparative literature--Chinese and Western.; Chinese poetry--To 221 B.C.--History and criticism.; Ancient China.; Greece (ancient); Littérature comparée--Occidentale et chinoise.; Littérature comparée--Chinoise et occidentale.; Poésie chinoise--Jusqu'à 221 av. J.-C.--Histoire et critique.",http://vocab.getty.edu/tgn/8697463; http://vocab.getty.edu/tgn/7594735,,0,,,,,2025-12-15,2025-12-18
31154069007357,Book,In Process,GN778.22.C37 .E66 2025,NYU Inst Study Ancient World,Large Collection,9998772260807876,Epoca bronzului la fruntariile Bazinului Carpatic : volum omagial în onoarea lui Carol Kacsó la împlinirea a 80 de ani = The Bronze Age at the edge of the Carpathian basin : volume in honour of Carol Kacsó on the occassion of his 80th birthday /,6060209254; 9786060209256,,,Mega,Cluj-Napoca :,2025.,"Kacsó, Carol,--honoree.; Pannonia Region--Antiquities--Congresses.; Bronze age--Pannonia Region--Congresses.; Antiquities, Prehistoric--Pannonia Region--Congresses.; Pannonia.; Romania.; Antiquités préhistoriques--Pannonien, Bassin--Congrès.",https://pleiades.stoa.org/places/197425; http://vocab.getty.edu/tgn/1000091,,0,,,,,2025-12-15,2025-12-18
31154069007365,Book,,NB1007.G3 A35 2024,NYU Inst Study Ancient World,Large Collection,9998773391907876,Gandhāra : land of Buddhas : catalogue of the Gandhāran sculptures of the Ferenc Hopp Museum of Asiatic Arts /,9786158139670; 615813967X,,"Aklan, Anna, author.",Ferenc Hopp Museum of Asiatic Arts,Budapest :,2024.,"Hopp Ferenc Ázsiai Művészeti Múzeum (Hungary)--Art collections--Exhibitions.; Sculpture, Gandhara--Gandhara (Pakistan and Afghanistan)--Exhibitions.; Buddhist sculpture--Gandhara (Pakistan and Afghanistan)--Exhibitions.; Buddhist antiquities--Gandhara (Pakistan and Afghanistan)--Exhibitions.; Gandhara (Pakistan and Afghanistan)--Antiquities--Exhibitions.; Sculpture--Hungary--Budapest--Exhibitions.; exhibition catalogs.; Exhibition catalogs.; Gandaris.; Catalogues d'exposition.; Sculpture du Gāndhāra--Gāndhāra (Pākistān et Afghānistān)--Expositions.; Sculpture bouddhique--Gāndhāra (Pākistān et Afghānistān)--Expositions.; Antiquités bouddhiques--Gāndhāra (Pākistān et Afghānistān)--Expositions.; Sculpture--Hongrie--Budapest--Expositions.",https://pleiades.stoa.org/places/59818,,0,,,,,2025-12-18,2025-12-18
31154069007373,Bound Issue,,DS155 .P55,NYU Inst Study Ancient World,Oak Collection,990050556320107876,Philia : International journal of ancient Mediterranean studies.,,2149-505X,,Kabalcı Yayıncılık Reklamcılık,Istanbul [Turkey] :,[2015]-,Archaeology--Middle East--Periodicals.; Archaeology--Mediterranean Region--Periodicals.; Middle East--Antiquities--Periodicals.; Mediterranean Region--Antiquities--Periodicals.; Antiquities; Archaeology; Mediterranean Region; Middle East; Periodicals; Archäologische Stätte; Funde; Inschrift; Mittelmeerraum; Internum Mare.; Mediterranean Region.; Middle East.; Periodicals.,https://pleiades.stoa.org/places/1043; http://vocab.getty.edu/tgn/7001526;,,0,v.11(2025),,,,2025-12-18,2025-12-18
31154069007381,Book,,QC84 .N86 2024,NYU Inst Study Ancient World,Large Collection,9998773391807876,"Numbers, measures, and the transfer of goods in prehistory /",2503610684; 9782503610689,,,Brepols,"Turnhout, Belgium :",[2024],"Weights and measures, Ancient.; Numeration--History.; Poids et mesures anciens.",,,0,,,,,2025-12-18,2025-12-18
31154069007399,Book,,DS56 .T727 2020,NYU Inst Study Ancient World,Large Collection,9998773391707876,"The transition from the Achaemenid to the Hellenistic period in the Levant, Cyprus, and Cilicia : cultural interruption or continuity? : symposion at Philipps-Universität Marburg, October 12-15, 2017 /",3818505578; 9783818505578,,,Eigenverlag des Archäologischen Seminars der Philipps-Universität Marburg,Marburg :,2020.,"Achaemenid dynasty,--559-330 B.C.--Congresses.; Middle East--Antiquities--Congresses.; Cyprus--Antiquities--Congresses.; Cilicia--Antiquities--Congresses.; Excavations (Archaeology)--Middle East--Congresses.; Excavations (Archaeology)--Cyprus--Congresses.; Excavations (Archaeology)--Turkey--Cilicia--Congresses.; Architecture, Hellenistic--Congresses.; Achaemenid dynasty,--559-330 B.C.; Antiquities; Architecture, Hellenistic; Excavations (Archaeology); Asia--Cilicia; Cyprus; Middle East; proceedings (reports); Conference papers and proceedings; Conference papers and proceedings.; Levant (region); Cyprus (island); Cilicia.; Actes de congrès.; Moyen-Orient--Antiquités--Congrès.; Chypre--Antiquités--Congrès.; Fouilles (Archéologie)--Turquie--Cilicie--Congrès.; Architecture hellénistique--Congrès.",https://pleiades.stoa.org/places/930907033; https://pleiades.stoa.org/places/707498; https://pleiades.stoa.org/places/658440;,https://id.oclc.org/worldcat/entity/E39PBJd3KTRVMw3CVJqrw3xdQq; https://id.oclc.org/worldcat/entity/E39QbtfRphw4TgXv6FQ8hcYXqp;,0,,,,,2025-12-18,2025-12-18
31154069007407,Book,,DS156.C33 K38 2019,NYU Inst Study Ancient World,Large Collection,9998773389407876,Die Karische Chersones vom Chalkolithikum bis in die byzantinische Zeit : Beiträge zu den Surveys in Loryma und Bybassos /,3818505373; 9783818505370,,,Eigenverlag des Archäologischen Seminars der Philipps-Universität,Marburg :,2019.,"Caria--Antiquities.; Caria--Antiquities, Byzantine.; Excavations (Archaeology)--Turkey--Caria.; Antiquities; Byzantine antiquities; Excavations (Archaeology); Turkey--Caria; Caria (region); Carie (Région ancienne)--Antiquités byzantines.",https://pleiades.stoa.org/places/599564;,https://id.oclc.org/worldcat/entity/E39PBJgcXV6Ff4rxMcXwgvhPwC;,0,,,,,2025-12-18,2025-12-18
31154069007415,Book,,DS70 .A58 2021,NYU Inst Study Ancient World,Large Collection,9998773389207876,Altorientalische Variationen : zum 90. Geburtstag von Eva Strommenger /,3868933719; 9783868933710,,,EB-Verlag,Berlin :,2021.,Antiquities; Archaeologists; Excavations (Archaeology); Iraq; Festschriften; Festschriften.; Excavations (Archaeology)--Iraq.; Iraq--Antiquities.; Archaeologists--Iraq.; Iraq.; Irak--Antiquités.; Archéologues--Irak.,http://vocab.getty.edu/tgn/1000118;,https://id.oclc.org/worldcat/entity/E39PBJtCBPBdMfmXtd4M8cvJXd;,0,,,,,2025-12-18,2025-12-18
31154069007423,Book,,DG59.P2 K68 2014,NYU Inst Study Ancient World,Large Collection,9998773388807876,Die antiken Quellen zu Pannonien in der Spätantike /,3851611098; 9783851611090; 385161125X; 9783851611250,,"Kovács, Péter, 1969- author.",Phoibos Verlag,Wien :,2014-,Pannonia--History--Sources.; Pannonia--Historiography.; Historiography; Europe--Pannonia; History; Sources; Pannonia.,https://pleiades.stoa.org/places/197425,,0,,,,,2025-12-18,2025-12-18
31154069037404,Issue,,DS797.56.Y365 Y36,NYU Inst Study Ancient World,Library 6,9998768347307876,Yangzhou kao gu fa xian yu yan jiu /,,,,Wen wu chu ban she,Beijing :,2020-,Excavations (Archaeology)--China--Yangzhou Shi.; Yangzhou Shi (China)--Antiquities.; Yangzhou.,http://vocab.getty.edu/tgn/8676971,,0,no.2(2023),,,,2025-12-04,2025-12-09
31154069037412,Issue,,N7343 .G786,NYU Inst Study Ancient World,Library 6,9998769581807876,Gu dai mu zang mei shu yan jiu.,,,Gu dai mu zang mei shu yan jiu guo ji xue shu yan tao hui.,Wen wu chu ban she,Beijing Shi :,2011-,"Art, Chinese--Congresses.; Mural painting and decoration, Chinese--Congresses.; Sculpture, Chinese--Congresses.; Stone carving--China--Congresses.; Tombs--China--Congresses.; Art, Chinese.; Mural painting and decoration, Chinese.; Sculpture, Chinese.; Stone carving.; Tombs.; China.; Conference papers and proceedings.",(OCoLC)fst01206073,,0,v.4(2017),,,,2025-12-08,2025-12-08
31154069037420,Book,In Process,PA3316 .P74,NYU Inst Study Ancient World,Small Collection,990012741430107876,Sammelbuch griechischer Urkunden aus Ägypten /,3111793362; 9783111793368; 3110843226; 9783110843224; 311084530X; 9783110845303; 3110845318; 9783110845310; 3447007281; 9783447007283; 344700729X; 9783447007290; 3447007303; 9783447007306; 344700732X; 9783447007320; 3447007338; 9783447007337; 3447007346; ,,,Harrassowitz Verlag; Im selbstverlag des verfassers; Walter de Gruyter & Co; Verlag von Karl J Trübner,Strassburg :,1915-<2025>,"Manuscripts, Greek (Papyri)--Egypt.; Inscriptions, Greek--Egypt.; Ostraka--Egypt.; Egypt--Antiquities.; Names, Personal--Greek--Egypt.; Ostraka.; Names, Personal--Greek.; ostraka.; Antiquities; Inscriptions, Greek; Manuscripts, Greek (Papyri); Names, Personal--Greek; Ostraka; Egypt; Griekse oudheid.; Byzantijnse tijd.; Aegyptus.; Ancient Egypt (region); Egypt.; Papyrus grecs.; Inscriptions grecques--Égypte.; Ostraca.; Noms de personnes grecs.; Égypte--Antiquités.; Papyrus grecs--Égypte.; Ostraca--Égypte.; Noms de personnes grecs--Égypte.",https://pleiades.stoa.org/places/766; https://pleiades.stoa.org/places/981503; http://vocab.getty.edu/tgn/7016833;,https://id.oclc.org/worldcat/entity/E39QbtfRDwpX7XgppvP7ww3J9c;,0,Bd.16:1988,Robert Bagnall,,,2025-12-16,2025-12-16
31154069037438,Book,,PA3316 .P74,NYU Inst Study Ancient World,Small Collection,990012741430107876,Sammelbuch griechischer Urkunden aus Ägypten /,3111793362; 9783111793368; 3110843226; 9783110843224; 311084530X; 9783110845303; 3110845318; 9783110845310; 3447007281; 9783447007283; 344700729X; 9783447007290; 3447007303; 9783447007306; 344700732X; 9783447007320; 3447007338; 9783447007337; 3447007346; ,,,Harrassowitz Verlag; Im selbstverlag des verfassers; Walter de Gruyter & Co; Verlag von Karl J Trübner,Strassburg :,1915-<2025>,"Manuscripts, Greek (Papyri)--Egypt.; Inscriptions, Greek--Egypt.; Ostraka--Egypt.; Egypt--Antiquities.; Names, Personal--Greek--Egypt.; Ostraka.; Names, Personal--Greek.; ostraka.; Antiquities; Inscriptions, Greek; Manuscripts, Greek (Papyri); Names, Personal--Greek; Ostraka; Egypt; Griekse oudheid.; Byzantijnse tijd.; Aegyptus.; Ancient Egypt (region); Egypt.; Papyrus grecs.; Inscriptions grecques--Égypte.; Ostraca.; Noms de personnes grecs.; Égypte--Antiquités.; Papyrus grecs--Égypte.; Ostraca--Égypte.; Noms de personnes grecs--Égypte.",https://pleiades.stoa.org/places/766; https://pleiades.stoa.org/places/981503; http://vocab.getty.edu/tgn/7016833;,https://id.oclc.org/worldcat/entity/E39QbtfRDwpX7XgppvP7ww3J9c;,0,Bd.24:2003,,,,2025-12-16,2025-12-16
31154069037446,Book,,PA3316 .P74,NYU Inst Study Ancient World,Small Collection,990012741430107876,Sammelbuch griechischer Urkunden aus Ägypten /,3111793362; 9783111793368; 3110843226; 9783110843224; 311084530X; 9783110845303; 3110845318; 9783110845310; 3447007281; 9783447007283; 344700729X; 9783447007290; 3447007303; 9783447007306; 344700732X; 9783447007320; 3447007338; 9783447007337; 3447007346; ,,,Harrassowitz Verlag; Im selbstverlag des verfassers; Walter de Gruyter & Co; Verlag von Karl J Trübner,Strassburg :,1915-<2025>,"Manuscripts, Greek (Papyri)--Egypt.; Inscriptions, Greek--Egypt.; Ostraka--Egypt.; Egypt--Antiquities.; Names, Personal--Greek--Egypt.; Ostraka.; Names, Personal--Greek.; ostraka.; Antiquities; Inscriptions, Greek; Manuscripts, Greek (Papyri); Names, Personal--Greek; Ostraka; Egypt; Griekse oudheid.; Byzantijnse tijd.; Aegyptus.; Ancient Egypt (region); Egypt.; Papyrus grecs.; Inscriptions grecques--Égypte.; Ostraca.; Noms de personnes grecs.; Égypte--Antiquités.; Papyrus grecs--Égypte.; Ostraca--Égypte.; Noms de personnes grecs--Égypte.",https://pleiades.stoa.org/places/766; https://pleiades.stoa.org/places/981503; http://vocab.getty.edu/tgn/7016833;,https://id.oclc.org/worldcat/entity/E39QbtfRDwpX7XgppvP7ww3J9c;,0,Bd.25:Heft 2:2008,,,,2025-12-16,2025-12-16
31154069037453,Book,,PA3316 .P74,NYU Inst Study Ancient World,Small Collection,990012741430107876,Sammelbuch griechischer Urkunden aus Ägypten /,3111793362; 9783111793368; 3110843226; 9783110843224; 311084530X; 9783110845303; 3110845318; 9783110845310; 3447007281; 9783447007283; 344700729X; 9783447007290; 3447007303; 9783447007306; 344700732X; 9783447007320; 3447007338; 9783447007337; 3447007346; ,,,Harrassowitz Verlag; Im selbstverlag des verfassers; Walter de Gruyter & Co; Verlag von Karl J Trübner,Strassburg :,1915-<2025>,"Manuscripts, Greek (Papyri)--Egypt.; Inscriptions, Greek--Egypt.; Ostraka--Egypt.; Egypt--Antiquities.; Names, Personal--Greek--Egypt.; Ostraka.; Names, Personal--Greek.; ostraka.; Antiquities; Inscriptions, Greek; Manuscripts, Greek (Papyri); Names, Personal--Greek; Ostraka; Egypt; Griekse oudheid.; Byzantijnse tijd.; Aegyptus.; Ancient Egypt (region); Egypt.; Papyrus grecs.; Inscriptions grecques--Égypte.; Ostraca.; Noms de personnes grecs.; Égypte--Antiquités.; Papyrus grecs--Égypte.; Ostraca--Égypte.; Noms de personnes grecs--Égypte.",https://pleiades.stoa.org/places/766; https://pleiades.stoa.org/places/981503; http://vocab.getty.edu/tgn/7016833;,https://id.oclc.org/worldcat/entity/E39QbtfRDwpX7XgppvP7ww3J9c;,0,Bd.26:2006,,,,2025-12-16,2025-12-16
31154069037461,Book,In Process,PA3316 .P74,NYU Inst Study Ancient World,Small Collection,990012741430107876,Sammelbuch griechischer Urkunden aus Ägypten /,3111793362; 9783111793368; 3110843226; 9783110843224; 311084530X; 9783110845303; 3110845318; 9783110845310; 3447007281; 9783447007283; 344700729X; 9783447007290; 3447007303; 9783447007306; 344700732X; 9783447007320; 3447007338; 9783447007337; 3447007346; ,,,Harrassowitz Verlag; Im selbstverlag des verfassers; Walter de Gruyter & Co; Verlag von Karl J Trübner,Strassburg :,1915-<2025>,"Manuscripts, Greek (Papyri)--Egypt.; Inscriptions, Greek--Egypt.; Ostraka--Egypt.; Egypt--Antiquities.; Names, Personal--Greek--Egypt.; Ostraka.; Names, Personal--Greek.; ostraka.; Antiquities; Inscriptions, Greek; Manuscripts, Greek (Papyri); Names, Personal--Greek; Ostraka; Egypt; Griekse oudheid.; Byzantijnse tijd.; Aegyptus.; Ancient Egypt (region); Egypt.; Papyrus grecs.; Inscriptions grecques--Égypte.; Ostraca.; Noms de personnes grecs.; Égypte--Antiquités.; Papyrus grecs--Égypte.; Ostraca--Égypte.; Noms de personnes grecs--Égypte.",https://pleiades.stoa.org/places/766; https://pleiades.stoa.org/places/981503; http://vocab.getty.edu/tgn/7016833;,https://id.oclc.org/worldcat/entity/E39QbtfRDwpX7XgppvP7ww3J9c;,0,Bd.27:2007,,,,2025-12-16,2025-12-16
31154069037479,Book,,DF261.T5 E65 2018,NYU Inst Study Ancient World,Large Collection,9998773195507876,"Archaiologiko ergo Thessalias kai Stereas Helladas, 6, 2018 : praktika epistēmonikēs synantēsēs, Volos 1-4.3.2018 /",9789603864691; 9603864692; 9789603864707; 9603864706,,"Epistēmonikē Synantēsē gia to Archaiologiko Ergo Thessalias kai Stereas Helladas Volos, Greece), 2018 : creator. (6th :",Ekdosē tou Organismou Diacheirisēs kai Anaptyxēs Politistikōn Porōn,Athēna :,2022.,"Excavations (Archaeology)--Greece--Thessaly--Congresses.; Excavations (Archaeology)--Greece--Central Greece and Euboea--Congresses.; Thessaly (Greece)--Antiquities--Congresses.; Thessaly (Greece)--Antiquities, Byzantine--Congresses.; Central Greece and Euboea (Greece)--Antiquities--Congresses.; Central Greece and Euboea (Greece)--Antiquities, Byzantine--Congresses.; Antiquities; Byzantine antiquities; Excavations (Archaeology); Greece--Central Greece and Euboea; Greece--Thessaly; Conference papers and proceedings; Thessalia.; Hellas.; Fouilles (Archéologie)--Grèce--Thessalie--Congrès.; Fouilles (Archéologie)--Grèce--Grèce centrale et Eubée--Congrès.; Grèce centrale et Eubée (Grèce)--Antiquités byzantines--Congrès.",https://pleiades.stoa.org/places/1332; https://pleiades.stoa.org/places/1001896;,https://id.oclc.org/worldcat/entity/E39PBJrrCyGykTTYCYf7d8mPQq; https://id.oclc.org/worldcat/entity/E39PBJy8m3GFJJj643wh6RFdwC;,0,t.1,,,,2025-12-17,2025-12-17
31154069037487,Book,,DF261.T5 E65 2018,NYU Inst Study Ancient World,Large Collection,9998773195507876,"Archaiologiko ergo Thessalias kai Stereas Helladas, 6, 2018 : praktika epistēmonikēs synantēsēs, Volos 1-4.3.2018 /",9789603864691; 9603864692; 9789603864707; 9603864706,,"Epistēmonikē Synantēsē gia to Archaiologiko Ergo Thessalias kai Stereas Helladas Volos, Greece), 2018 : creator. (6th :",Ekdosē tou Organismou Diacheirisēs kai Anaptyxēs Politistikōn Porōn,Athēna :,2022.,"Excavations (Archaeology)--Greece--Thessaly--Congresses.; Excavations (Archaeology)--Greece--Central Greece and Euboea--Congresses.; Thessaly (Greece)--Antiquities--Congresses.; Thessaly (Greece)--Antiquities, Byzantine--Congresses.; Central Greece and Euboea (Greece)--Antiquities--Congresses.; Central Greece and Euboea (Greece)--Antiquities, Byzantine--Congresses.; Antiquities; Byzantine antiquities; Excavations (Archaeology); Greece--Central Greece and Euboea; Greece--Thessaly; Conference papers and proceedings; Thessalia.; Hellas.; Fouilles (Archéologie)--Grèce--Thessalie--Congrès.; Fouilles (Archéologie)--Grèce--Grèce centrale et Eubée--Congrès.; Grèce centrale et Eubée (Grèce)--Antiquités byzantines--Congrès.",https://pleiades.stoa.org/places/1332; https://pleiades.stoa.org/places/1001896;,https://id.oclc.org/worldcat/entity/E39PBJrrCyGykTTYCYf7d8mPQq; https://id.oclc.org/worldcat/entity/E39PBJy8m3GFJJj643wh6RFdwC;,0,t.2,,,,2025-12-17,2025-12-17
31154069077012,Book,,DS691.3.B353 A97 1964,NYU Inst Study Ancient World,Small Collection,9998768347707876,Azărbai̐jan Tarikhi Muzei̐i = Muzeĭ istorii Azerbaĭdzhana = Museum of History of Azerbaijan = Musee de L'histoire d'Azerbaidjan = Museum fur Geschichte von Aserbaidshan = Mathaf tarikh Adharbaijan /,,,"Azärbaycan Tarixi Muzeyi (Baku, Azerbaijan)",Azărbai̐jan SSR elmlăr akademii̐asy năshrii̐i̐aty,Baky :,1964.,"Azärbaycan Tarixi Muzeyi (Baku, Azerbaijan)--Guidebooks.; Museums--Azerbaijan--Guidebooks.; Azerbaijan--Antiquities.; Azerbaijan--History.; Azerbaijan.; Musées--Azerbaïdjan--Guides.; Azerbaïdjan--Histoire.",http://vocab.getty.edu/tgn/7006646;,,0,,Garsoian,,,2025-12-04,2025-12-04
31154069078382,Book,In Process,PJ3921.D5 N68 1945,NYU Inst Study Ancient World,Small Collection,9998769780207876,"Note sur la place des ""Présages historiques"" dans l'extispicine babylonienne /",,,"Nougayrol, Jean, author.",Imprimerie administrative,Melun :,1945.,Omens.; Akkadian language--Texts.; divination.; Omens; Babylonia.; Présages.; Divination.; Akkadien (Langue)--Textes.,https://pleiades.stoa.org/places/912816,,0,,,,,2025-12-08,2025-12-15
31154069078390,Issue,,CB305 .O72,NYU Inst Study Ancient World,Oak Collection,990033756900107876,Origini : preistoria e protostoria delle civiltà antiche.,,,,Università degli studi di Roma Istituto di paletnologia Museo delle origini,Roma :,1967-,Protohistory--Periodicals.; Prehistoric peoples--Periodicals.; Archaeology--Periodicals.; Archaeology.; Prehistoric peoples.; Protohistory.; Periodicals.; 15.40 prehistory.; Prehistorie.,,,0,v.27(2005),,,,2025-12-09,2025-12-12
31154069078408,Issue,,DS80.3 .M38,NYU ISAW Offsite,Offsite Collection,990036088350107876,Archaeology & history in Lebanon : AHL.,,1475-5564,,Lebanese British Friends of the National Museum,London :,[2000]-,Archaeology--Lebanon--Periodicals.; Antiquities; Archaeology; Lebanon; Periodicals; Periodicals.; Lebanon--Antiquities--Periodicals.; Lebanon--History--Periodicals.; Lebanon.,http://vocab.getty.edu/tgn/1000126,https://id.oclc.org/worldcat/entity/E39PBJkxDDwqVgXRkfpVcpBQMP;,0,issue 62-63(2025-2026:fall-spring),,,,2025-12-15,2025-12-15
31154069078416,Book,,GN778.22.H9 K57 2025,NYU Inst Study Ancient World,Small Collection,9998772260707876,Bronze Age life stories from Hungary : (3rd-2nd millenia BC) /,6155766797; 9786155766794,,"Kiss, Viktória, 1972- author.",Archaeolingua,Budapest :,2025.,Bronze age--Hungary.; Hungary--Antiquities.; Prehistoric peoples; Bronze age; Bronze age--Antiquities; Human remains (Archaeology); Hungary; Pannonia.,https://pleiades.stoa.org/places/197425,https://id.oclc.org/worldcat/entity/E39PBJqBtb4QKCYGrVyyWtMQMP;,0,,,,,2025-12-15,2025-12-15
31154069078424,Book,,DT159.6.N83 O53 2024,NYU Inst Study Ancient World,Large Collection,9998772260607876,Tajemná Núbie : české objevování Dolní Núbie = Mysterious Nubia : Czech exploration of Lower Nubia /,8070368357; 9788070368350,,"Onderka, Pavel, author, translator.",Národní muzeum,Praha :,2024.,Nubia--Antiquities.; Nubia--Antiquities--Pictorial works.; Czechs--Travel--Nubia.; Czechs--Travel--Nubia--Pictorial works.; Archaeological expeditions--Nubia.; Excavations (Archaeology); Antiquities; Archaeological expeditions; Explorers; Africa--Nubia; Egypt; 1800-2000; History; Nobatae.; Expéditions archéologiques--Nubie.,https://pleiades.stoa.org/places/795835,https://id.oclc.org/worldcat/entity/E39QbtfRDwpX7XgppvP7ww3J9c;,0,,,,,2025-12-15,2025-12-15
31154069078432,Issue,,DS155 .G47,NYU Inst Study Ancient World,Oak Collection,990050554970107876,Gephyra : Zeitschrift für Geschichte und Kultur der Antike auf dem Gebiet der heutigen Türkei = Günümüz Türkiyesiʼnin antik devirʼdeki tarihi ve kültürü için dergi.,,1309-3924,,Arkeoloji ve Sanat Yayınları; Biering & Brinkmann; Ege Yayınları,İstanbul :,2005-2018.,Turkey--Antiquities--Periodicals.; Turkey--Civilization--Periodicals.; Middle East--Antiquities--Periodicals.; Middle East--Civilization--Periodicals.; Electronic journals.; Antiquities; Civilization; Middle East; Turkey; Periodicals; Periodicals.; Asia Minor.; Turkey.; Middle East.,https://pleiades.stoa.org/places/837; https://vocab.getty.edu/tgn/1000144; http://vocab.getty.edu/tgn/7001526,https://id.oclc.org/worldcat/entity/E39PBJxmHG9jJjCTM3y4pFRqcP;,0,Bd.30(2025),,,,2025-12-18,2025-12-18
