id,Material Type,Process Type,call_number,Library Name,Location Name,mms_id,title,ISBN,ISSN,Author,Publisher,Publication Place,Publication Date,Subjects,651$$0,651$$1,Num of Loans Including Pre-Migration (In House),Description,Internal Note 1,Internal Note 2,Internal Note 3,date_acquired,Item Modification Date,predicted_category,confidence,prob_Ancient Western Asia,prob_Central Asia & Siberia,"prob_China, South Asia, & East Asia",prob_Cross-Cultural Studies & Other,prob_Egypt & North Africa,prob_European and Classical Antiquity,prob_The Caucasus & The Western Steppe,final_category
31154069007514,Book,In Process,GN492.55 .E37 1997,NYU Inst Study Ancient World,Small Collection,990013140920107876,How chiefs come to power : the political economy in prehistory /,9780804728553; 0804728550; 9780804728560; 0804728569,,"Earle, Timothy K., 1946-",Stanford University Press,"Stanford, Calif. :",1997.,"Balance of power.; social structure.; Balance of power; Chiefdoms; Economics, Prehistoric; Social structure; 73.72 politics and government (ethnology); Stamhoofden.; Macht.; Prehistorie.; Antropologia política.; Economia prehistòrica.; Societat primitiva--Aspectes socials.; Power (Social sciences); Chiefdoms.; Economics, Prehistoric.; Social structure.; Préhistoire.; Chefferie (anthropologie); Economie préhistorique.; Chefferie (Anthropologie); Pouvoir (Sciences sociales); Équilibre des puissances.; Économie préhistorique.; Structure sociale.",,,0,,,,,2026-01-08,2026-01-14,Central Asia & Siberia,0.3277661178278991,0.091046143841083,0.3277661178278991,0.2979691980253628,0.0702355966774069,0.0585296638978391,0.0520263679091903,0.1024269118212184,Cross-Cultural Studies & Other
31154068978087,Book,,BT1410 .O5 2025,NYU Inst Study Ancient World,Large Collection,9998775173207876,On the matter : studies on Manichaeism and church history presented to Nils Arne Pedersen at sixty-five /,2503617115; 9782503617114,,,Brepols,Turnhout :,[2025],Manichaeism--History.; Church history.; church history.; Festschriften.; Ancient Egypt (region); Central Asia.; Middle East.; Manichéisme--Histoire.; Église--Histoire.,https://pleiades.stoa.org/places/981503; http://vocab.getty.edu/tgn/8697475; http://vocab.getty.edu/tgn/7001526,,0,,,,,2026-01-07,2026-01-07,European and Classical Antiquity,0.4567838000141337,0.2491548000077093,0.042823481251325,0.0996619200030837,0.0,0.1257203119304955,0.4567838000141337,0.0258556867932528,Egypt & North Africa
31154068978095,Issue,,CB3 .A53,NYU Inst Study Ancient World,Oak Collection,990036142830107876,Anabasis : studia classica et orientalia.,,2082-8993,,Wydawnictwo Uniwersytetu Rzeszowskiego,Rzeszów :,2010-,"Civilization, Ancient--Periodicals.; Asia, Central--Civilization--Periodicals.; Caucasus--Civilization--Periodicals.; Europe, Eastern--Civilization--Periodicals.; Middle East--Civilization--Periodicals.; Turkey--Civilization--Periodicals.; Civilization, Greco-Roman--Periodicals.; Civilization, Oriental--Periodicals.; Civilization; Civilization, Ancient; Civilization, Greco-Roman; Civilization, Oriental; Central Asia; Caucasus; Eastern Europe; Middle East; Turkey; Periodicals; Periodicals.; Caucasus (mountain range); Asia Minor.; Turkey.; Eastern Europe.; Middle East.; Central Asia.",https://pleiades.stoa.org/places/863766; https://pleiades.stoa.org/places/837; https://vocab.getty.edu/tgn/1000144; http://vocab.getty.edu/tgn/4003756; http://vocab.getty.edu/tgn/7001526; http://vocab.getty.edu/tgn/8697475,https://id.oclc.org/worldcat/entity/E39PBJvmQdDFKvWPC3kQ3WRdwC; https://id.oclc.org/worldcat/entity/E39PBJxmHG9jJjCTM3y4pFRqcP;,0,v.11(2020),,,,2026-01-09,2026-01-09,European and Classical Antiquity,0.6089161595632868,0.1752940459348856,0.0448426629135753,0.0701176183739542,0.0826386216550175,0.0,0.6089161595632868,0.0181908915592805,The Caucasus & The Western Steppe
31154068978103,Bound Issue,,CB3 .A53,NYU Inst Study Ancient World,Oak Collection,990036142830107876,Anabasis : studia classica et orientalia.,,2082-8993,,Wydawnictwo Uniwersytetu Rzeszowskiego,Rzeszów :,2010-,"Civilization, Ancient--Periodicals.; Asia, Central--Civilization--Periodicals.; Caucasus--Civilization--Periodicals.; Europe, Eastern--Civilization--Periodicals.; Middle East--Civilization--Periodicals.; Turkey--Civilization--Periodicals.; Civilization, Greco-Roman--Periodicals.; Civilization, Oriental--Periodicals.; Civilization; Civilization, Ancient; Civilization, Greco-Roman; Civilization, Oriental; Central Asia; Caucasus; Eastern Europe; Middle East; Turkey; Periodicals; Periodicals.; Caucasus (mountain range); Asia Minor.; Turkey.; Eastern Europe.; Middle East.; Central Asia.",https://pleiades.stoa.org/places/863766; https://pleiades.stoa.org/places/837; https://vocab.getty.edu/tgn/1000144; http://vocab.getty.edu/tgn/4003756; http://vocab.getty.edu/tgn/7001526; http://vocab.getty.edu/tgn/8697475,https://id.oclc.org/worldcat/entity/E39PBJvmQdDFKvWPC3kQ3WRdwC; https://id.oclc.org/worldcat/entity/E39PBJxmHG9jJjCTM3y4pFRqcP;,0,v.12-13(2021-2022),,,,2026-01-09,2026-01-09,European and Classical Antiquity,0.6089161595632868,0.1752940459348856,0.0448426629135753,0.0701176183739542,0.0826386216550175,0.0,0.6089161595632868,0.0181908915592805,The Caucasus & The Western Steppe
31154068978111,Book,,DS81 .W66 2011,NYU Inst Study Ancient World,Small Collection,990036440440107876,Ancient Phoenicia : an introduction /,185399734X; 9781853997341,,"Woolmer, Mark.",Bristol Classical Press,London :,2011.,Middle East--Phoenicia; History; Phoenicia--History.; Phoenice.; Fenicier--historia.; Fenicien--historia--forntiden.,https://pleiades.stoa.org/places/678334;,https://id.oclc.org/worldcat/entity/E39PBJqQC6bRhwGc8gRhx7JJjC;,0,,,,,2026-01-28,2026-01-28,Ancient Western Asia,0.7287903868337026,0.7287903868337026,0.065207560927226,0.0450524966406288,0.0530975853264554,0.0568322778723529,0.0393315446862633,0.0116881477133707,Ancient Western Asia
31154068978129,Book,,DS81 .Q56 2018,NYU Inst Study Ancient World,Small Collection,990073794370107876,In search of the Phoenicians /,0691175276; 9780691175270; 069119596X; 9780691195964,,"Quinn, Josephine Crawley, author.",Princeton University Press,Princeton :,[2018],Phoenician antiquities; Phoenicians; History; HISTORY / Ancient / General.; Phöniker; Mittelmeerraum; Phoenicians--History.; Phoenician antiquities.; Phoenice.; Phéniciens--Histoire.; Antiquités phéniciennes.,https://pleiades.stoa.org/places/678334,,0,,,,,2026-01-28,2026-01-28,Ancient Western Asia,0.7658576675350744,0.7658576675350744,0.0414007063337539,0.0473439285385318,0.0557982014918411,0.0597228456334691,0.0175940274974273,0.0122826229699021,Ancient Western Asia
31154068978137,Book,,DE73.2.P56 P86 2014,NYU Inst Study Ancient World,Small Collection,990040822170107876,The Punic Mediterranean : identities and identification from Phoenician settlement to Roman rule /,110705527X; 9781107055278; 1107663784; 9781107663787; 9781316191231; 1316191230,,,Cambridge University Press,"Cambridge, United Kingdom :",2014.,"Phoenicians--Western Mediterranean--History.; Cities and towns, Ancient--Western Mediterranean.; Carthaginians--Western Mediterranean--History.; Western Mediterranean--Antiquities, Phoenician.; Punic antiquities--Western Mediterranean.; National characteristics, Mediterranean.; Group identity--Mediterranean Region.; Carthaginians; Cities and towns, Ancient; Group identity; National characteristics, Mediterranean; Phoenician antiquities; Phoenicians; Punic antiquities; Mediterranean Region; Mediterranean Region--Western Mediterranean; History; Phöniker; Punier; Mittelmeerraum; Karthager; Kulturelle Identität; Cartago (Ciutat antiga)--Civilització.; Cartaginesos--Història.; Fenicis--Història.; Carthaginians.; Qarṭājannah (Tunisia)--Civilization.; Phoenicians--History.; Western Mediterranean basin.; Phéniciens--Méditerranée occidentale--Histoire.; Villes antiques--Méditerranée occidentale.; Carthaginois--Méditerranée occidentale--Histoire.; Méditerranée occidentale--Antiquités phéniciennes.; Antiquités puniques--Méditerranée occidentale.",,https://www.wikidata.org/entity/Q111207474;,0,,,,,2026-01-28,2026-01-28,European and Classical Antiquity,0.7914262159934048,0.0,0.0151140423193184,0.0,0.1934597416872767,0.0,0.7914262159934048,0.0,European and Classical Antiquity
31154069006938,Book,,NB553.R7 R745 2026,NYU Inst Study Ancient World,Large Collection,9998775173407876,Rodin's Egypt /,9780691289304; 0691289301,,,Princeton University Press; Musée Rodin; The Institute for the Study of the Ancient World at New York University,[New York] : Paris :,[2026],"Rodin, Auguste,--1840-1917--Exhibitions.; Rodin, Auguste,--1840-1917--Criticism and interpretation.; Art, Egyptian--Exhibitions.; Art, Egyptian--Private collections--France--Exhibitions.; Egypt--Antiquities--Exhibitions.; works of art.; exhibition catalogs.; Art.; Exhibition catalogs.; Illustrated works.; Œuvres d'art.; Catalogues d'exposition.; Ouvrages illustrés.; Art égyptien--Expositions.; Art égyptien--Collections privées--France--Expositions.; Égypte--Antiquités--Expositions.",,,0,,,,,2026-01-07,2026-01-07,"China, South Asia, & East Asia",0.9006515035242332,0.0,0.0209453838028891,0.9006515035242332,0.0,0.0413142891524877,0.0285921112229915,0.0084967122973984,"China, South Asia, & East Asia"
31154069007464,Book,,DS748.18 .K54 2025,NYU Inst Study Ancient World,Small Collection,9998775480407876,Sekundäre Zentren der sechs Dynastien : Untersuchungen zu Gräbern am Yangzi-Mittellauf /,3447124261; 9783447124263; 9783447397148; 3447397144,,"Kieser, Annette, author.",Harrassowitz Verlag,Wiesbaden :,2025.,"Excavations (Archaeology)--China--Yangtze River Watershed.; Tombs--China--Yangtze River Watershed.; Yangtze River Watershed (China)--History--To 1500.; Yangtze River Watershed (China)--Antiquities.; China--History--221 B.C.-960 A.D.; Antiquities; Excavations (Archaeology); Tombs; China; China--Yangtze River Watershed; To 1500; History; Yangtze River.; Chine--Histoire--221 av. J.-C.-960.; Fouilles (Archéologie)--Chine--Yangzi jiang, Bassin du.; Tombeaux--Chine--Yangzi jiang, Bassin du.",http://vocab.getty.edu/tgn/1122679;,https://id.oclc.org/worldcat/entity/E39PBJdCqh8h6hJY7PT6MQW4bd;,0,,,,,2026-01-06,2026-01-06,"China, South Asia, & East Asia",0.7900327947237883,0.0493770496702367,0.1136740003031364,0.7900327947237883,0.0,0.0362400364552196,0.0106761188476187,0.0,"China, South Asia, & East Asia"
31154069007472,Book,,BX154.C4 B35 2025,NYU Inst Study Ancient World,Small Collection,9998775480307876,Syriac Christians in Tang China : Chinese texts and theologies /,3643918631; 9783643918635; 9783643968630; 3643968639,,"Balmont, Alexis, 1988- author.",Lit,Wien :,[2025],Syriac Christians--China--History.; Syriac Christians--China--History--Sources.; China--Church history--To 1500.; Theology--China--To 1500.; Syriac Christians--China.; primary sources.; Primary sources.; Sources.; \Imperial China.; Chrétiens syriaques--Chine.; Chine--Histoire religieuse--Jusqu'à 1500.; Théologie--Chine--Jusqu'à 1500.; Chrétiens syriaques--Chine--Histoire.; Chrétiens syriaques--Chine--Histoire--Sources.,http://vocab.getty.edu/tgn/8697462;,,1,,,,,2026-01-06,2026-01-06,Ancient Western Asia,0.6679492096607068,0.6679492096607068,0.0402558675465158,0.0936863826537095,0.0,0.0920134115348932,0.0817896991421273,0.0243054294620472,Ancient Western Asia
31154069007480,Bound Issue,,DJK23 .E973,NYU Inst Study Ancient World,Oak Collection,990043376930107876,Eurasia antiqua : Zeitschrift für Archäologie Eurasiens /,,0949-0434,,P von Zabern,Mainz :,©1996-,Antiquities; Excavations (Archaeology); Eurasia; Periodicals; Periodicals.; Archäologie; Eurasien; Excavations (Archaeology)--Eurasia--Periodicals.; Eurasia--Antiquities--Periodicals.; Eurasia.; Zeitschrift.,http://vocab.getty.edu/tgn/3000006,,0,Bd.26(2025),,,,2026-01-08,2026-01-08,The Caucasus & The Western Steppe,0.5437262470302553,0.0,0.3911322049174838,0.0,0.0502884263465336,0.0,0.0148531217057272,0.5437262470302553,The Caucasus & The Western Steppe
31154069007498,Book,,DS154.9.P48 P585 2024,NYU Inst Study Ancient World,Large Collection,9998762956507876,"Petra's Temple of the Winged Lions : excavation and conservation projects, 1973-2005 and 2009-2021 /",9781955918176; 1955918171; 195591818X; 9781955918183,,,The American Center of Research,"Amman, Jordan ; Alexandria, Virginia :",[2024],"Temple of the Winged Lions (Petra); Art, Nabataean--Jordan--Petra (Extinct city); Architecture--Jordan--Petra (Extinct city); Excavations (Archaeology)--Jordan--Petra (Extinct city); Petra (Extinct city); Temple of the Winged Lions.; Petra.; Art nabatéen--Jordanie--Pétra (Ville ancienne); Architecture--Jordanie--Pétra (Ville ancienne); Fouilles (Archéologie)--Jordanie--Pétra (Ville ancienne); Pétra (Ville ancienne)",https://pleiades.stoa.org/places/777218560; https://pleiades.stoa.org/places/697725;,,0,v.1,,,,2026-01-08,2026-01-08,Ancient Western Asia,0.7528463568917951,0.7528463568917951,0.1204554171026872,0.0438019698555226,0.0,0.0552547784874712,0.0162777590679307,0.0113637185945931,Ancient Western Asia
31154069007506,Book,,DH811.T65 W75 2025,NYU Inst Study Ancient World,Large Collection,9998775473807876,Writing tablets of Roman Tongeren (Belgium) : and associated wooden finds /,2503616879; 9782503616872; 2503617050; 9782503617053; 9782503616889; 2503616887,,,Brepols,"Turnhout, Belgium :",[2025],"Wooden tablets--Belgium--Tongeren--History.; Tongeren (Belgium)--Antiquities, Roman.; Atuatuca.; Tablettes en bois--Belgique--Tongres--Histoire.; Tablettes en bois--Belgique--Tongres--Catalogues.",https://pleiades.stoa.org/places/108765,,0,,,,,2026-01-08,2026-01-08,European and Classical Antiquity,0.9534883720930232,0.0,0.0,0.0,0.0465116279069767,0.0,0.9534883720930232,0.0,European and Classical Antiquity
31154069007522,Book,,BL2441.3 .C53 2025,NYU Inst Study Ancient World,Small Collection,9998775473707876,Clashing religions in ancient Egypt : exploring different layers of religious beliefs /,2503614167; 9782503614168,,,Brepols,Turnhout :,[2025].,Egypt--Civilization--To 332 B.C.; Egypt--Religious life and customs.; Egypt--Religion.; Egypt--Religion--Influence.; Egypt; Ancient Egypt (region); Égypte--Religion.; Égypte--Religion--Influence.,https://pleiades.stoa.org/places/981503;,https://id.oclc.org/worldcat/entity/E39QbtfRDwpX7XgppvP7ww3J9c;,0,,,,,2026-01-08,2026-01-08,Egypt & North Africa,0.9073024880410948,0.0,0.0,0.0329928177469489,0.0388843923446183,0.9073024880410948,0.0122608444329877,0.0085594574343499,Egypt & North Africa
31154069007530,Book,,PJ4054.U6 A583 2021,NYU Inst Study Ancient World,Large Collection,9998775473607876,Neo-Sumerian barley allotment rolls from the Umma region /,8491687378; 9788491687375,,"Al-Taee, Ammar M., author.",Edicions Universitat de Barcelona,Barcelona :,[2021],Sumerian language--Iraq--Umma (Extinct city)--Texts.; Cuneiform tablets--Iraq--Umma (Extinct city); Food supply--Iraq--Umma (Extinct city)--History--Sources.; Barley industry--Iraq--Umma (Extinct city)--History--Sources.; Umma (Extinct city)--History--Sources.; Barley industry; Cuneiform tablets; Food supply; Sumerian language; Iraq--Umma (Extinct city); History; Sources; Texts; Umma.; Sumérien (Langue)--Irak--Umma (Ville ancienne)--Textes.; Tablettes cunéiformes--Irak--Umma (Ville ancienne); Umma (Ville ancienne)--Histoire--Sources.; Orge--Industrie--Histoire--Irak--Umma (Ville ancienne)--Sources.; Aliments--Approvisionnement--Histoire--Irak--Umma (Ville ancienne)--Sources.,https://pleiades.stoa.org/places/44626252;,,0,,,,,2026-01-08,2026-01-08,Ancient Western Asia,0.92760960896262,0.92760960896262,0.0,0.0,0.0,0.0567345326582642,0.0156558583791159,0.0,Ancient Western Asia
31154069007548,Book,,NK3825 .N37 2024,NYU Inst Study Ancient World,Large Collection,9998775473507876,Mannea and beyond : a study of Iron age and later pottery from Zanjan in the National Museum of Iran /,9791280267245,,"Nāṣirī, Riz̤ā, 1981 or 1982- author.",ISMEO; Antilia,[Treviso] : Roma :,[2024],"Mūzih-i Īrān-i Bāstān--Catalogs.; Pottery, Ancient--Iran--Zanjān--Catalogs.; Zanjān (Iran)--Antiquities--Catalogs.; Pottery--Iran--Tehran--Catalogs.; Zanjān.",http://vocab.getty.edu/tgn/1001613,,0,,,,,2026-01-08,2026-01-08,Ancient Western Asia,0.691271559949979,0.691271559949979,0.0126296507098301,0.0293926416519683,0.1616595290858258,0.0288677730510403,0.0256602427120358,0.0505186028393205,Ancient Western Asia
31154069007555,Book,,PJ3151 .R47 2018,NYU Inst Study Ancient World,Small Collection,9998775473307876,"Towards a history of Assyriology : workshop organized at the 64th Rencontre Assyriologique Internationale, Innsbruck 2018 /",3963272465; 9783963272462; 9783963272479; 3963272473,,"Rencontre assyriologique internationale Innsbruck, Austria), 2018 : author. (64th :",Zaphon,Münster :,2025.,Assyriology--History--Congresses.; Assyria--History--Congresses.; Assyriology; Middle East--Assyria; Conference papers and proceedings; History; (As)Syria (region); Assyriologie--Histoire--Congrès.,https://pleiades.stoa.org/places/569131178,,0,,,,,2026-01-08,2026-01-08,Ancient Western Asia,0.500726700316219,0.500726700316219,0.0,0.0,0.0286129543037839,0.462209261830356,0.0084510835496408,0.0,Ancient Western Asia
31154069007563,Book,In Process,GN799.A8 F76 2025,NYU Inst Study Ancient World,Small Collection,9998775473207876,From the ground to the sky : ten years of skyscape archaeology /,1800505175; 9781800505179; 1800505183; 9781800505186; 9781800506800; 1800506805; 9781800505193; 1800505191,,,Equinox Publishing Ltd,"Sheffield, South Yorkshire ; Bristol, CT :",2025.,Archaeoastronomy.; Landscape archaeology.; Cosmology--History.; Astrology--History.; Social archaeology.; Archéoastronomie.; Archéologie du paysage.; Cosmologie--Histoire.; Archéologie sociale.,,,0,,,,,2026-01-08,2026-01-14,Cross-Cultural Studies & Other,0.6178006029437793,0.0561636911767072,0.0805826873404929,0.0224654764706828,0.6178006029437793,0.0220643072479921,0.1950949272454039,0.0058283075749413,Cross-Cultural Studies & Other
31154069007571,Book,,P1057 .P479 2022,NYU Inst Study Ancient World,Small Collection,9998775473107876,Phrygian linguistics and epigraphy : new insights /,8491688919; 9788491688914,,,Universitat de Barcelona Edicions,Barcelona :,2022.,"Phrygian language; Phrygian language.; Inscriptions, Phrygian.; Anatolian languages.; Phrygia--Antiquities.; Phrygia--Religion.; Phrygia.; Phrygien (Langue)",https://pleiades.stoa.org/places/609502,,0,,,,,2026-01-08,2026-01-09,Ancient Western Asia,0.927102976913144,0.927102976913144,0.0160108244368223,0.0,0.0439154041695699,0.0,0.0129707944804637,0.0,Ancient Western Asia
31154069007589,Book,,P944.5 .N488 2023,NYU Inst Study Ancient World,Small Collection,9998775473007876,New approaches on Anatolian linguistics /,8491689370; 9788491689379,,,Universitat de Barcelona Edicions,Barcelona :,[2023],Anatolian languages.; Asia Minor.; Langues anatoliennes.,https://pleiades.stoa.org/places/837,,0,,,,,2026-01-08,2026-01-08,Ancient Western Asia,0.9093175133356598,0.9093175133356598,0.0157036741612243,0.0,0.0430729348422154,0.0,0.0319058776609003,0.0,Ancient Western Asia
31154069007597,Book,,DR296.P67 L36 2016,NYU Inst Study Ancient World,Small Collection,9998775681707876,Landscape archaeology on the northern frontier of the Roman Empire at Porolissum : an interdisciplinary research project /,6065437875; 9786065437876,,,Mega Publishing House,Cluj-Napoca :,2016.,Landscape archaeology--Romania--Porolissum (Extinct city); Excavations (Archaeology)--Romania--Porolissum (Extinct city); Porolissum (Extinct city); Romania--Antiquities.; Limes (Roman boundary)--Romania--Porolissum (Extinct city); Limes (Roman boundary); Landscape archaeology; Excavations (Archaeology); Antiquities; Romania; Romania--Porolissum (Extinct city); Porolissum.; Roumanie--Antiquités.,https://pleiades.stoa.org/places/207361;,https://id.oclc.org/worldcat/entity/E39PBJmhJRDjFyFfrTdxhTHHmd;,0,,,,,2026-01-12,2026-01-12,European and Classical Antiquity,0.9166666666666669,0.0833333333333333,0.0,0.0,0.0,0.0,0.9166666666666669,0.0,European and Classical Antiquity
31154069007605,Book,,DG59.D3 D78 2020,NYU Inst Study Ancient World,Small Collection,9998775681607876,Mapping Ptolemaic Dacia /,6158135364; 9786158135368,,"Drugaş, Şerban George Paul, author.",Trivent,Budapest :,2020.,"Ptolemy,--active 2nd century--Criticism and interpretation.; Cartography--History.; Dacia--History.; Ptolemy,--active 2nd century; Cartography; Europe--Dacia; Criticism, interpretation, etc.; History; Dacia.; Cartographie--Histoire.; Dacie--Histoire.",https://pleiades.stoa.org/places/207065;,,0,,,,,2026-01-12,2026-01-12,European and Classical Antiquity,0.9561403508771932,0.0,0.0,0.0,0.0,0.043859649122807,0.9561403508771932,0.0,European and Classical Antiquity
31154069007613,Book,,DT60 .E2993 2024,NYU Inst Study Ancient World,Large Collection,9998775681507876,"Egypt in ancient and modern tales, travels and explorations : studies presented to Marilina Betrò /",9791256080434,,,Pisa University Press,Pisa :,[2024],Egyptology.; Egypt--In literature.; Egypt--Historiography.; Egypt.; Égyptologie.,http://vocab.getty.edu/tgn/7016833,,0,,,,,2026-01-12,2026-01-12,Egypt & North Africa,0.9474044886071612,0.0,0.0,0.0,0.0406030495117354,0.9474044886071612,0.0119924618811033,0.0,Egypt & North Africa
31154069007621,Book,,BL2441.3 .M338 2024,NYU Inst Study Ancient World,Large Collection,9998775681407876,A matter of religions : gods and people in ancient Egypt : studies presented to Marilina Betrò /,9791256080373,,,Pisa University Press,Pisa :,[2024],"Egypt--Religion.; Egypt--Religious life and customs.; Gods, Egyptian.; Goddesses, Egyptian.; Ancient Egypt (region); Égypte--Religion.; Dieux égyptiens.; Déesses égyptiennes.",https://pleiades.stoa.org/places/981503;,,0,,,,,2026-01-12,2026-01-12,Egypt & North Africa,0.8925377631758004,0.0,0.0,0.0324559186609381,0.03825161842182,0.8925377631758004,0.0283345321643111,0.0084201675771301,Egypt & North Africa
31154069007639,Book,,CJ647.A44 E45 2025,NYU Inst Study Ancient World,Large Collection,9998776381107876,"Alexandreia Troas in the Hellenistic Period : war, finance, and civic identity /",0897227425; 9780897227421; 0897227433; 9780897227438,,"Ellis-Evans, Aneurin, 1986- author.",The American Numismatic Society,New York :,2025.,"Excavations (Archaeology)--Turkey--Alexandria Troas (Extinct city); Alexandria Troas (Extinct city)--History.; Coins, Greek--Turkey--Alexandria Troas (Extinct city); Antigoneia/(Col. Augusta) Alexandria Troas.; Alexandria Troas (Ville ancienne)--Histoire.",https://pleiades.stoa.org/places/550434;,,0,,,,,2026-01-13,2026-01-13,Ancient Western Asia,0.2976484213324797,0.2976484213324797,0.0761426194106343,0.0271254105763942,0.1403199700567404,0.1501895703971228,0.1039407185605484,0.2046332896660798,Ancient Western Asia
31154069007647,Book,In Process,DS156.A487 R49 2008,NYU Inst Study Ancient World,Small Collection,9998776381007876,"Rezan Has Müzesi Konferansları III : Allianoi ; dünü, bugünü, yarını, 12 Mayıs 2008 /",9758919466; 9789758919468,,"Rezan Has Müzesi. Konferanslar Istanbul, Turkey) 2008 : (3rd :",Rezan Has Müzesi,"Kağıthane, İstanbul :",2009.,"Allianoi (Extinct city)--Congresses.; Health resorts, Ancient--Turkey--Congresses.; Excavations (Archaeology)--Turkey--Allianoi (Extinct city)--Congresses.; Turkey--Antiquities--Congresses.; Antiquities; Excavations (Archaeology); Health resorts, Ancient; Turkey; Turkey--Allianoi (Extinct city); Conference papers and proceedings; Allianoi.; Turquie--Antiquités--Congrès.",https://pleiades.stoa.org/places/550793;,https://id.oclc.org/worldcat/entity/E39PBJxmHG9jJjCTM3y4pFRqcP;,0,,,,,2026-01-13,2026-02-02,Ancient Western Asia,0.7764975384572159,0.7764975384572159,0.016177032051192,0.0376483655009559,0.0443712879118409,0.0474922041869856,0.0131054436870416,0.064708128204768,Ancient Western Asia
31154069007654,Book,,PJ3721.B33 P44 2025,NYU Inst Study Ancient World,Large Collection,9998776380807876,The South Palace archives in Babylon : administrative records in the palace of Nebuchadnezzar II /,3447124148; 9783447124140; 9783447397063; 3447397063,,"Pedersén, Olof, 1946- compiler.",Harrassowitz Verlag,Wiesbaden :,2025.,"Babylonia--History--Sources.; Iraq--Civilization--To 634.; Cuneiform tablets--Iraq--Babylon (Extinct city); Akkadian language--Texts.; Babylon (Extinct city); Iraq--Antiquities.; Cuneiform inscriptions, Akkadian.; Palace of Nebuchadnezzar II.; Babylonia.; Iraq.; Irak--Civilisation--Jusqu'à 634.; Inscriptions cunéiformes akkadiennes.; Akkadien (Langue)--Textes.; Irak--Antiquités.; Tablettes cunéiformes--Irak--Babylone (Ville ancienne); Babylone (Ville ancienne)",https://pleiades.stoa.org/places/541602250; https://pleiades.stoa.org/places/912816; http://vocab.getty.edu/tgn/1000118;,,0,pt.1,,,,2026-01-13,2026-01-13,Ancient Western Asia,0.7233734939759036,0.7233734939759036,0.0,0.0,0.0,0.2665060240963855,0.0101204819277108,0.0,Ancient Western Asia
31154069007662,Book,,PJ3721.B33 P44 2025,NYU Inst Study Ancient World,Large Collection,9998776380807876,The South Palace archives in Babylon : administrative records in the palace of Nebuchadnezzar II /,3447124148; 9783447124140; 9783447397063; 3447397063,,"Pedersén, Olof, 1946- compiler.",Harrassowitz Verlag,Wiesbaden :,2025.,"Babylonia--History--Sources.; Iraq--Civilization--To 634.; Cuneiform tablets--Iraq--Babylon (Extinct city); Akkadian language--Texts.; Babylon (Extinct city); Iraq--Antiquities.; Cuneiform inscriptions, Akkadian.; Palace of Nebuchadnezzar II.; Babylonia.; Iraq.; Irak--Civilisation--Jusqu'à 634.; Inscriptions cunéiformes akkadiennes.; Akkadien (Langue)--Textes.; Irak--Antiquités.; Tablettes cunéiformes--Irak--Babylone (Ville ancienne); Babylone (Ville ancienne)",https://pleiades.stoa.org/places/541602250; https://pleiades.stoa.org/places/912816; http://vocab.getty.edu/tgn/1000118;,,0,pt.2,,,,2026-01-13,2026-01-13,Ancient Western Asia,0.7233734939759036,0.7233734939759036,0.0,0.0,0.0,0.2665060240963855,0.0101204819277108,0.0,Ancient Western Asia
31154069007670,Book,,DS99.E25 P564 2011,NYU Inst Study Ancient World,Large Collection,9998776380607876,Le giarette con decorazione applicata del Bronzo Medio II /,8888233059; 9788888233055,,"Pinnock, Frances, author.",Sapienza - Università di Roma,Roma :,2011.,"Ebla (Extinct city)--Catalogs.; Pottery, Ancient--Syria--Ebla (Extinct city)--Catalogs.; Bronze age--Syria--Ebla (Extinct city)--Catalogs.; Syria--Antiquities--Catalogs.; Antiquities; Bronze age; Pottery, Ancient; Syria; Syria--Ebla (Extinct city); Catalogs; Bronzezeit; Vase; Ebla; Ebla.; Syria.; Ebla (Ville ancienne)--Catalogues.; Syrie--Antiquités--Catalogues.",https://pleiades.stoa.org/places/869702586; https://pleiades.stoa.org/places/1306;,https://id.oclc.org/worldcat/entity/E39QbtfRrbPWVQ3tvhM9q9jX7B; https://id.oclc.org/worldcat/entity/E39PBJjCRBKkHMFhK6qCKbXfMP;,0,,,,,2026-01-13,2026-01-13,Ancient Western Asia,0.8651958434931794,0.8651958434931794,0.0145924661706203,0.0339606485425346,0.0227784837785293,0.0428402676568671,0.011821744745819,0.00881054561245,Ancient Western Asia
31154069007688,Book,,DS156.C32 E97 2024,NYU Inst Study Ancient World,Large Collection,9998776380507876,Europos : the archaeology of the heir of Karkemish during the classical and late antique periods /,9791254774267,,,Bologna University Press,Bologna :,maggio 2024.,Carchemish (Extinct city); Excavations (Archaeology)--Turkey--Carchemish (Extinct city); Carchemish (Extinct city)--Catalogs.; Excavations (Archaeology)--Turkey--Carchemish (Extinct city)--Catalogs.; Carchemish.; Karkemish (Ville ancienne); Hittites.; Karkemish (Ville ancienne)--Catalogues.,https://pleiades.stoa.org/places/658465;,,0,,,,,2026-01-13,2026-01-13,Ancient Western Asia,0.8617109789819347,0.8617109789819347,0.0148815218409709,0.034633359920805,0.0232296926298082,0.0436888714597311,0.0128705053759748,0.0089850697907748,Ancient Western Asia
31154069007696,Book,,GN487 .P68 2023,NYU Inst Study Ancient World,Small Collection,9998647542107876,Aspects of kinship in ancient Iran /,0520394992; 9780520394995; 9780520395015; 0520395018,,"Potts, Daniel T., author.",University of California Press,"Oakland, California :",[2023],Kinship--Iran.; Iran--History--To 640.; Kinship; Iran; To 640; History; Iran.; Parenté--Iran.; Iran--Histoire--Jusqu'à 651.,http://vocab.getty.edu/tgn/7000231;,https://id.oclc.org/worldcat/entity/E39PBJtrYvcVTwChrDqytBvJXd;,0,,,,,2026-01-14,2026-01-14,Ancient Western Asia,0.6362562314497306,0.6362562314497306,0.0109879776812864,0.0,0.0301384530686714,0.0251153775572262,0.0223247800508677,0.2751771801922176,Ancient Western Asia
31154069007704,Book,In Process,GN780.22.B9 A67 2015,NYU Inst Study Ancient World,Large Collection,9998777979007876,"Apogei͡at na Tribalskata dinastii͡a : Tribalite i tekhnite sʺsedi prez klasicheskata i rannoelinisticheskata epokha ; Sbornik s dokladi ot nauchnite konferent͡sii ""Apogei͡at na Tribalskii͡a dinastichen dom. 50 godini ot otkrivaneto na grobnit͡site v Mogilanskata mogila vʺv Vrat͡sa, Vrat͡sa, 12-13 noembri 2015 g. i ""The Rogozen treasure in the ancient world. 30 years later"", Vrat͡sa, 3rd-4th November 2016 = The apogee of the Triballian dynasty: the Triballoi and their neighbours in the classical and early Hellenistic times : proceedings of the conferences ""The apogee of the Triballian dynasty. 50 years since the discovery of the Mogilanska mogila and Vratsa tombs"", Vrat͡sa, 12th-13th November 2025 and ""The Rogozen treasure in the ancient world. 30 years later"", Vrat͡sa, 3rd-4th November 2016",954076047X; 9789540760476,,Apogei͡at na Tribalskii͡a dinastichen dom. 50 godini ot otkrivaneto na grobnit͡site v Mogilanskata mogila vʺv Vrat͡sa. Vrat͡sa 2015 :,"Universitetsko Izdatelstvo ""Sv Kliment Okhridski""",Sofii͡a :,[2024],Excavations (Archaeology)--Bulgaria--Vrat͡sa--Congresses.; Tombs--Bulgaria--Vrat͡sa--Congresses.; Iron age--Bulgaria--Vrat͡sa--Congresses.; Vrat͡sa (Bulgaria)--Antiquities--Congresses.; Vratsa.; Fouilles (Archéologie)--Bulgarie--Vraca--Congrès.; Tombeaux--Bulgarie--Vraca--Congrès.,https://pleiades.stoa.org/places/207564,,0,,,,,2026-01-21,2026-02-12,Cross-Cultural Studies & Other,0.700105819670741,0.1113804713112542,0.0284926787075301,0.0445521885245017,0.700105819670741,0.0,0.0388947677594856,0.0765740740264873,European and Classical Antiquity
31154069007712,Book,In Process,DR97.15 .B67 2024,NYU Inst Study Ancient World,Large Collection,9998777978807876,Zapadnata porta na Serdika : arkheologichesko prouchvane i sot͡sializat͡sii͡a /,9540759943; 9789540759944,,"Borisova-Kat͡sarova, Ilii͡ana, author.","Universitetsko izdatelstvo ""Sv Kliment Okhridski""",Sofii͡a :,2024,"Sofia (Bulgaria)--Antiquities, Roman.; Excavations (Archaeology)--Bulgaria--Sofia.; Romans--Bulgaria--Sofia.; Fortification, Roman--Bulgaria--Sofia.; Western gate of Serdica.; Fouilles (Archéologie)--Bulgarie--Sofia.; Romains--Bulgarie--Sofia.; Fortifications romaines--Bulgarie--Sofia.",https://pleiades.stoa.org/places/583980739,,0,,,,,2026-01-21,2026-02-12,European and Classical Antiquity,1.0,0.0,0.0,0.0,0.0,0.0,1.0,0.0,European and Classical Antiquity
31154069007720,Book,,BR190 .C49 2014,NYU Inst Study Ancient World,Small Collection,9998776678707876,Christianity in Roman Africa : the development of its practices and beliefs /,0802869319; 9780802869319; 146744037X; 9781467440370,,,William B Eerdmans Publishing Company,"Grand Rapids, Michigan :",2014.,"Africa, North--Church history.; Church history--Primitive and early church; 30-600; Church history; 11.51 early Christianity.; Christentum; Religionsausübung; Glaube; Africa; Church history--Primitive and early church, ca. 30-600.; Africa--Church history.; Africa (region); Christianity--History--Primitive and early church, ca. 30-600.; Afrique--Histoire religieuse.; Église--Histoire--ca 30-600 (Église primitive)",https://pleiades.stoa.org/places/775;,https://id.oclc.org/worldcat/entity/E39PBJkHrMyfHC67yqRTycbrv3;,0,,,,,2026-01-14,2026-02-06,European and Classical Antiquity,0.5597380782377275,0.402426069321242,0.0,0.0,0.0,0.0313818494424821,0.5597380782377275,0.0064540029985482,Egypt & North Africa
31154069007738,Bound Issue,,PA27 .S8,NYU Inst Study Ancient World,Small Collection,990019899010107876,Supplementum epigraphicum graecum.,,0920-8399,,Brill; JC Gieben; Sijthoff & Noordhoff,"Alphen aan den Rijn, the Netherlands :",1923,"Inscriptions, Greek--Bibliography.; Greece--Antiquities.; Inscriptions, Greek.; Bibliography; Antiquities; Inscriptions, Greek; Greece; bibliographies.; Bibliographies; Griekse oudheid.; Hellas.; Bibliographies.; Greece.; Inscriptions grecques.; Inscriptions grecques--Bibliographie.; Grèce--Antiquités.",https://pleiades.stoa.org/places/696690497; http://vocab.getty.edu/tgn/1000074;,https://id.oclc.org/worldcat/entity/E39PBJxd6hw8HtWYq9JY6hjjYP;,0,v.70(2020),,,,2026-01-14,2026-01-14,European and Classical Antiquity,0.9049996853421104,0.0,0.0172829801020194,0.0,0.0269783104031523,0.0507390241527177,0.9049996853421104,0.0,European and Classical Antiquity
31154069007746,Book,,BS192.2.A1 1964 .G3 vol.6C 2023,NYU Inst Study Ancient World,Small Collection,990098321970107876,Joshua 13-24 : a new translation with introduction and commentary /,0300265409; 9780300265408,,,Yale University Press,New Haven ; London :,[2023],"Bible. Joshua, XIII-XXIV Commentaries.; Commentaries; Commentaries.; Sacred works.; Palaestina.; Livres sacrés.",https://pleiades.stoa.org/places/991396,,0,,,,,2026-01-22,2026-01-22,Ancient Western Asia,0.9122299128878596,0.9122299128878596,0.0,0.0,0.0,0.0462501887268108,0.0320080671188722,0.0095118312664573,Ancient Western Asia
31154069007753,Book,,BS192.2.A1 1964 .G3 vol.24H 2023,NYU Inst Study Ancient World,Small Collection,990098329550107876,Jonah : a new translation with introduction and commentary /,0300206674; 9780300206678,,,Yale University Press,New Haven ; London :,[2023],Bible. Jonah Commentaries.; Bible. Jonah; Commentaries; Palaestina.,https://pleiades.stoa.org/places/991396,,0,,,,,2026-01-22,2026-01-22,Ancient Western Asia,0.9122299128878596,0.9122299128878596,0.0,0.0,0.0,0.0462501887268108,0.0320080671188722,0.0095118312664573,Ancient Western Asia
31154069007761,Book,,BS192.2.A1 2008 .N46 vol.45 2022,NYU Inst Study Ancient World,Small Collection,990085780560107876,The Gospel of Judas : a new translation with introduction and commentary /,0300173261; 9780300173260; 9780300271973; 0300271972; 9780300264876; 0300264879,,,Yale University Press,New Haven ; London :,[2022],"Gospel of Judas Commentaries.; Apocryphal books (New Testament)--Commentaries.; Gospel of Judas; Apocryphal books (New Testament); Apocryphal works; Commentaries; Commentaries.; Apocryphal works.; Gospel of Judas Commentaries; Gospel of Judas Criticism, interpretation, etc.; Gospel of Judas. English Versions; Apocryphal books (New Testament)--Commentaries; Apocryphes.; Eastern Mediterranean.; Apocryphes (Nouveau Testament)--Commentaires.; Apocryphal books (New Testament)--Translations into English.",http://vocab.getty.edu/tgn/7593196,,0,,,,,2026-01-22,2026-01-22,Ancient Western Asia,0.8980815624154765,0.8980815624154765,0.015509632245662,0.0,0.0,0.0455328653083655,0.031511633768964,0.0093643062615317,Ancient Western Asia
31154069007779,Book,,BS192.2.A1 1964 G3 vol.41B 2022,NYU Inst Study Ancient World,Small Collection,990087418830107876,1 Maccabees : a new translation with introduction and commentary /,0300159935; 9780300159936; 9780300271966; 0300271964,,,Yale University Press,New Haven ; London :,[2022],"Bible. Maccabees, 1st Criticism, interpretation, etc.; Bible. Maccabees, 1st Commentaries.; Bible. Maccabees, 1st; Commentaries; Criticism, interpretation, etc.; Commentaries.; Maccabees, 1st Criticism, interpretation, etc.; Maccabees, 1st Commentaries.; Iudaea (region)",https://pleiades.stoa.org/places/687934,,0,,,,,2026-01-22,2026-01-22,Ancient Western Asia,0.9072284916594328,0.9072284916594328,0.0156675973066184,0.0,0.0,0.0358116509865565,0.0318325786547169,0.0094596813926753,Ancient Western Asia
31154069007787,Book,,BS192.2.A1 1964 .G3 vol.6E 2025,NYU Inst Study Ancient World,Small Collection,9998764060207876,Judges 13-21 : a new translation with commentary /,0300278136; 9780300278132; 9780300283723; 0300283725,,,Yale University Press,New Haven ; London :,[2025],Bible. Judges Commentaries.; Bible. Judges; Commentaries; Palaestina.,https://pleiades.stoa.org/places/991396,,0,,,,,2026-01-22,2026-01-22,Ancient Western Asia,0.929313493546318,0.929313493546318,0.0,0.0,0.0,0.0471163287408804,0.0138802157642053,0.0096899619485961,Ancient Western Asia
31154069007795,Book,,BS192.2.A1 1964 .G3 vol.1A 2024,NYU Inst Study Ancient World,Small Collection,9998696401507876,Genesis 1-11 : a new translation with introduction and commentary /,0300149735; 9780300149739; 9780300175363; 0300175361,,,Yale University Press,New Haven ; London :,[2024],"Bible. Genesis, I-XI Commentaries.; Bible. Genesis, I-XI Criticism, Textual.; Bible. Genesis, I-XI; Commentaries; Criticism, interpretation, etc.; Commentaries.; Palaestina.",https://pleiades.stoa.org/places/991396,,0,,,,,2026-01-22,2026-01-22,Ancient Western Asia,0.9216688277019296,0.9216688277019296,0.0,0.0,0.0,0.0363816642513919,0.0323392571123484,0.0096102509343299,Ancient Western Asia
31154069007803,Book,In Process,BS1199.M34 K57 2020,NYU Inst Study Ancient World,Small Collection,9998777976007876,Performing masculinity in the Hebrew Bible /,9781910928776; 1910928771,,"Kirova, Milena, 1958- author.",Sheffield Phoenix Press,"[Sheffield, England] :",2020.,"Bible. Old Testament Criticism, interpretation, etc.; Bible. Old Testament; Masculinity in the Bible; Criticism, interpretation, etc.; Bible Criticism, interpretation, etc.; Masculinity in the Bible.; Levant (region); Religion.; Masculinité dans la Bible.",https://pleiades.stoa.org/places/930907033,,0,,,,,2026-01-22,2026-02-12,Ancient Western Asia,0.9122299128878596,0.9122299128878596,0.0,0.0,0.0,0.0462501887268108,0.0320080671188722,0.0095118312664573,Ancient Western Asia
31154069007811,Book,Loan,DS56 .S25 2013,NYU Inst Study Ancient World,Large Collection,9998777975907876,Digging in the archives : from the history of Oriental studies to the history of ideas /,8854911283; 9788854911284,,"Scavi d'archivio, dalla storia dell'orientalistica alla storia delle idee (Conference) Consiglio nazionale delle ricerche, Italy), (2013 : author.",Edizioni Quasar,Roma :,[2020],Middle East--Antiquities--Congresses.; Excavations (Archaeology)--Middle East--Congresses.; Archaeology--Europe--History--19th century--Congresses.; Archaeology--Europe--History--20th century--Congresses.; Antiquities; Archaeology; Excavations (Archaeology); Europe; Middle East; 1800-1999; Conference papers and proceedings; History; Middle East.; Moyen-Orient--Antiquités--Congrès.; Archéologie--Europe--Histoire--19e siècle--Congrès.; Archéologie--Europe--Histoire--20e siècle--Congrès.,http://vocab.getty.edu/tgn/7001526;,https://id.oclc.org/worldcat/entity/E39PBJxCxPbbk4CPJDQJb4r6rq;,0,,,,,2026-01-22,2026-02-02,Ancient Western Asia,0.6602269624114316,0.6602269624114316,0.0590729387420754,0.0408140304036157,0.0481022501185471,0.0514855888119006,0.1402982295124292,0.0,Ancient Western Asia
31154069007829,Book,,CJ209 .M87 2025,NYU Inst Study Ancient World,Large Collection,9998777975807876,"Von Damaskus bis Rom : Wilhelm Müseler, gesammelte Schriften /",3851613201; 9783851613209,,"Müseler, Wilhelm, author.",Phoibos Verlag,Wien :,2025.,"Numismatics--History.; Coins, Ancient--Middle East.; Coins, Greek.; Coins, Roman.; Middle East.; Numismatique--Histoire.; Monnaies grecques.; Monnaies romaines.",http://vocab.getty.edu/tgn/7001526,,0,,,,,2026-01-22,2026-01-22,European and Classical Antiquity,0.8601356179391649,0.079487026936147,0.0203338906115724,0.0317948107744587,0.0,0.0,0.8601356179391649,0.0082486537386567,Ancient Western Asia
31154069007837,Book,,BL2443 .C35 2025,NYU Inst Study Ancient World,Small Collection,9998777975707876,Calpurnia and the Egyptian deities in Caska on the island of Pag /,9533792213; 9789533792217,,,FF press,Zagreb,2025,Isis--(Egyptian deity)--Cult.; Cults--Croatia--Pag Island.; Pag Island (Croatia)--Antiquities.; Cissa.; Cultes--Croatie--Pag (Île),https://pleiades.stoa.org/places/197210,,0,,,,,2026-01-22,2026-01-22,Egypt & North Africa,0.8925377631758004,0.0,0.0,0.0324559186609381,0.03825161842182,0.8925377631758004,0.0283345321643111,0.0084201675771301,Egypt & North Africa
31154069007845,Book,,PN56.M7 W34 2025,NYU Inst Study Ancient World,Small Collection,9998780662007876,"Personified mountains in ancient canonical narratives : spatial and mythic studies of Mesopotamian, Greek, and Hebrew Bible landscapes /",3161638050; 9783161638053; 9783161638060; 3161638069,,"Wagner, Eric J. P., 1981- author.",Mohr Siebeck,Tübingen :,[2025],"Homer.--Iliad.; Homer.--Odyssey.; Gilgamesh Criticism, interpretation, etc.; Bible. Historical Books Criticism, interpretation, etc.; Mountains in literature.; Personification in literature.; Bible. Historical Books; Gilgamesh; Iliad (Homer); Odyssey (Homer); personification.; Mountains in literature; Personification in literature; Criticism, interpretation, etc.; Middle East.; Greece (ancient); Montagnes dans la littérature.; Personnification (Littérature)",http://vocab.getty.edu/tgn/7001526; http://vocab.getty.edu/tgn/7594735,,0,,,,,2026-01-29,2026-01-29,European and Classical Antiquity,0.7230082306740545,0.1430953789875733,0.0357738447468933,0.0,0.0981225455914788,0.0,0.7230082306740545,0.0,Ancient Western Asia
31154069007852,Book,,PA50 .E96 2026,NYU Inst Study Ancient World,Small Collection,9998780661807876,Evolving perspectives on digital classics /,1032899824; 9781032899824; 9781040542231; 1040542239; 9781040691250; 1040691250,,,Routledge,London :,2026.,"Civilization, Classical--Electronic information resources.; Classical philology--Electronic information resources.; Digital humanities.; digital humanities.; Civilization, Classical; Classical philology; Digital humanities; Greece (ancient); Roman Empire.; Civilisation ancienne--Sources d'information électroniques.; Sciences humaines numériques.",http://vocab.getty.edu/tgn/7594735; http://vocab.getty.edu/tgn/7030347,,0,,,,,2026-01-29,2026-01-29,European and Classical Antiquity,0.9185024677982424,0.0,0.0,0.0,0.0393643914770675,0.04213314072469,0.9185024677982424,0.0,European and Classical Antiquity
31154069007860,Book,,DG70.T5 T483 2025,NYU Inst Study Ancient World,Small Collection,9998780661707876,Tharros : a Sardinian treasure in the ancient Mediterranean /,0231220634; 9780231220637; 9780231563338; 0231563337,,,Columbia University Press,New York :,2025.,"Phoenicians--Italy--Tharros (Extinct city); Romans--Italy--Tharros (Extinct city); Excavations (Archaeology)--Italy--Tharros (Extinct city); Tharros (Extinct city); Sardinia (Italy)--Antiquities, Phoenician.; Sardinia (Italy)--Antiquities, Roman.; Tharros.; Sardaigne (Italie)--Antiquités phéniciennes.; Sardaigne (Italie)--Antiquités romaines.",https://pleiades.stoa.org/places/472032;,http://id.loc.gov/authorities/subjects/sh86005471;,0,,,,,2026-01-29,2026-01-29,European and Classical Antiquity,1.0,0.0,0.0,0.0,0.0,0.0,1.0,0.0,European and Classical Antiquity
31154069007878,Book,,BS192.2.A1 1964 .G3 vol. 24I,NYU Inst Study Ancient World,Small Collection,990096954200107876,Micah : a new translation with introduction and commentary /,0300159951; 9780300159950; 9780300160192; 0300160194,,,Yale University Press,New Haven ; London :,[2023],Bible. Micah Commentaries.; Bible. Micah; Commentaries; Sacred works; Sacred works.; Bible. Micah Commentaries; Levant (region); Livres sacrés.,https://pleiades.stoa.org/places/930907033,,0,,,,,2026-01-29,2026-01-29,Ancient Western Asia,0.929313493546318,0.929313493546318,0.0,0.0,0.0,0.0471163287408804,0.0138802157642053,0.0096899619485961,Ancient Western Asia
31154069007886,Book,,PJ1650 .E65 2026,NYU Inst Study Ancient World,Large Collection,9998780661607876,"Evil Egyptian scripts : abnormal hieratic, demotic and hieratic texts and studies in honour of Koen Donker van Heel /",9789004744967; 9004744967; 9789004744974; 9004744975,,,Brill,Leiden ; Boston :,[2026],"Egyptian language--Writing.; Manuscripts, Greek (Papyri)--Egypt.; Egyptian language--Papyri, Demotic.; Egyptian language--Papyri, Hieratic.; Ostraka--Egypt.; Egyptian language--Writing, Hieratic; Egyptian language--Writing, Demotic; Festschriften; Festschriften.; Ancient Egypt (region); Égyptien (Langue)--Écriture.; Papyrus grecs--Égypte.; Ostraca--Égypte.",https://pleiades.stoa.org/places/981503,,0,,,,,2026-01-29,2026-01-29,Egypt & North Africa,1.0,0.0,0.0,0.0,0.0,1.0,0.0,0.0,Egypt & North Africa
31154069007894,Book,,DS51.S216 A55 2024,NYU Inst Study Ancient World,Small Collection,9998780660907876,Amisos'tan Amphora Muhurleri = Stamped Amphora Handles From Amisos /,6258056989; 9786258056983,,"Alkaç, Erkan, author.",Ege Yayınları; Türkiye Sualtı Arkeolojisi Vakfı,Istanbul :,2024,"Amphoras--Turkey--Samsun (Samsun İli)--Catalogs.; Pottery--Turkey--Samsun (Samsun İli)--Marks--Catalogs.; Samsun (Samsun İli, Turkey)--Antiquities--Catalogs.; Amphoras; Excavations (Archaeology); Pottery--Marks; Turkey--Samsun İli; Catalogs; Amisus/Peiraieus.",https://pleiades.stoa.org/places/857024,https://id.oclc.org/worldcat/entity/E39PBJtxgc8DTDXgmKxkDPKWXd;,0,,,,,2026-01-29,2026-01-29,The Caucasus & The Western Steppe,0.4880334362824398,0.3233472561377482,0.0194874462404446,0.0646475741542022,0.0304194282777672,0.0572108513480943,0.0168540075593034,0.4880334362824398,Ancient Western Asia
31154069007902,Book,,HC415.15 .N86 2024,NYU Inst Study Ancient World,Small Collection,9998780660807876,"Il nuovo Centro di ricerca interdisciplinare sull'economia del Vicino Oriente antico (CRIEVOA) : atti della Giornata di studio (Messina, 29 novembre 2022) /",9791281427440,,,DICAM,[Messina] :,2024.,Middle East--Economic conditions--Congresses.; Middle East--History--To 622--Congresses.; Middle East.; Centro di ricerca interdisciplinare sull'economia del Vicino Oriente antico--issuing body; Moyen-Orient--Conditions économiques--Congrès.; Moyen-Orient--Histoire--Jusqu'à 622--Congrès.,http://vocab.getty.edu/tgn/7001526;,,0,,,,,2026-01-29,2026-01-29,Ancient Western Asia,0.6052171592995217,0.6052171592995217,0.0160760807938935,0.0,0.0440943930346794,0.0,0.3249060539397432,0.0097063129321621,Ancient Western Asia
31154069007910,Book,,DS154.9.M37 B45 2021,NYU Inst Study Ancient World,Small Collection,9998780660607876,Tell Al-Mashhad : la ceramica /,9791259940971,,"Benedettucci, Francesco M., author.",Aracne,Roma :,2021.,"Pottery, Prehistoric--Jordan--Tell al-Mashhad Site--Catalogs.; Iron age--Jordan--Tell al-Mashhad Site--Catalogs.; Antiquities, Prehistoric--Jordan--Tell al-Mashhad Site--Catalogs.; Jordan--Antiquities--Catalogs.; Antiquities; Antiquities, Prehistoric; Iron age; Pottery, Prehistoric; Jordan; Catalogs; Tell al-Mashhad.; Jordan.; Jordanie--Antiquités--Catalogues.",https://pleiades.stoa.org/places/875303419; http://vocab.getty.edu/tgn/1000121;,https://id.oclc.org/worldcat/entity/E39PBJgMCMwpB3Qrd9t7MBYHG3;,0,,,,,2026-01-29,2026-01-29,Ancient Western Asia,0.8667944903505389,0.8667944903505389,0.0149693127445405,0.0348376732963852,0.0,0.0439466062225043,0.0304138417666855,0.0090380756193452,Ancient Western Asia
31154069007928,Book,,DS154.215 .B46 2020,NYU Inst Study Ancient World,Large Collection,9998780660507876,Il regno di Ammon /,8875753598; 9788875753597,,"Benedettucci, Francesco M., author.",Artemide,Roma :,2020.,"Bible. Old Testament Criticism, interpretation, etc.; Jordan--Antiquities.; Excavations (Archaeology)--Jordan.; Bible. Old Testament; Ammonites (Semitic people); Antiquities; Civilization; Jordan; Criticism, interpretation, etc.; Bīt-Ammān (kingdom).; Jordan.; Ammonites (Peuple sémite); Jordanie--Antiquités.; History of ancient world to ca. 499--Writing systems",https://pleiades.stoa.org/places/246986521; http://vocab.getty.edu/tgn/1000121;,https://id.oclc.org/worldcat/entity/E39PBJgMCMwpB3Qrd9t7MBYHG3;,0,,,,,2026-01-29,2026-01-29,Ancient Western Asia,0.8494223648614759,0.8494223648614759,0.0218333777993769,0.0238987251127217,0.0402357962302804,0.0430658369437252,0.0126869627753136,0.0088569362771057,Ancient Western Asia
31154069007936,Book,,DS156.C5 T73 2025,NYU Inst Study Ancient World,Small Collection,9998718819607876,Kizzuwatna : history of Cilicia in the middle and late Bronze Age (ca. 2000-1200 BC) /,9789004704312; 9789004523616; 9004704310; 9004523618,,"Trameri, Andrea, author.",Brill,Leiden ; Boston :,[2025],Kizzuwatna (Kingdom)--Antiquities.; Kizzuwatna (Kingdom)--Civilization.; Cilicia.; Bronze age--Kizzuwatna (Kingdom); Turkey--History--To 1453.; Hittites; Bronze age--Turkey; Kizzuwatna (Kingdom)--Antiquities; Cilicia--Civilization; Turkey--History; Kisuatni.; Asie Mineure--Histoire.; Hittites.,https://pleiades.stoa.org/places/726944834;,,0,,,,,2026-01-29,2026-01-29,Ancient Western Asia,0.698545999266398,0.698545999266398,0.1548949824460274,0.0431828435910136,0.0,0.0544737705849943,0.0376993078969167,0.0112030962146497,Ancient Western Asia
31154069007944,Issue,,DS161 .A65,NYU Inst Study Ancient World,Oak Collection,990035170110107876,Aramazd : Armenian journal of Near Eastern studies.,,1829-1376,,Archaeopress Journals; Association for Near Eastern and Caucasian Studies,Yerevan [Armenia] :,2006-,"Armenians--History--Periodicals.; Armenia--Civilization--Periodicals.; Armenia--Antiquities--Periodicals.; Excavations (Archaeology)--Middle East--Periodicals.; Antiquities, Prehistoric--Middle East--Periodicals.; Middle East--Antiquities--Periodicals.; Antiquities; Armenians; Civilization; Armenia; Middle East; History; Periodicals; Periodicals.; Middle Eastern philology.; Caucasian philology.; Middle East--Antiquities.; Caucasus--Antiquities.; Armenia (region); Middle East.; Armenia--History--Periodicals.",https://pleiades.stoa.org/places/874350; http://vocab.getty.edu/tgn/7001526;,,0,v.17(2023),,,,2026-01-29,2026-02-02,The Caucasus & The Western Steppe,0.534618526201958,0.1242043040671215,0.1782061754006526,0.0496817216268486,0.0333231059692277,0.0626718965476301,0.0172942701865612,0.534618526201958,The Caucasus & The Western Steppe
31154069007951,Book,,BL785 .I738 2019,NYU Inst Study Ancient World,Small Collection,9998780660307876,"Pratiques cultuelles et dynamiques religieuses entre le Pont-Euxin et la mer Égée dans l'Antiquité : actes de la session organisée dans le cadre du XIIe Congrès international d'études sud-est européennes (Bucarest, 2-6 septembre 2019) /",6066544969; 9786066544962,,"International Congress of South-East European Studies Bucharest, Romania) 2019 : (12th :","Editura Istros a Muzeului Brăilei ""Carol I""",Brăila :,2022.,"Greece--Religion--Influence--Congresses.; Greece--Antiquities--Congresses.; Black Sea Coast--Antiquities--To 500--Congresses.; Greece--Relations--Black Sea Coast--To 500--Congresses.; Black Sea Coast--Relations--Greece--Congresses.; Aegaeum Mare.; Pontus Euxinus.; Greece (ancient); Grèce--Religion--Influence--Congrès.; Grèce--Antiquités--Congrès.; Noire, Côte de la mer--Relations--Grèce--Congrès.",https://pleiades.stoa.org/places/560221; https://pleiades.stoa.org/places/1224; http://vocab.getty.edu/tgn/7594735;,,0,,,,,2026-01-29,2026-01-29,Cross-Cultural Studies & Other,0.5264578596702454,0.0837546594929936,0.0143953321003582,0.0335018637971974,0.5264578596702454,0.0422615254322444,0.2909372382388198,0.0086915212681408,European and Classical Antiquity
31154069007969,Book,,QB41 .P76 2025,NYU Inst Study Ancient World,Small Collection,9998780660107876,Les Prolégomènes à l'Almageste /,8833156540; 9788833156545,,,Fabrizio Serra editore,Pisa :,2025.,"Ptolemy,--active 2nd century.--Almagest.; Astronomy--Early works to 1800.; Mathematics, Greek--Early works to 1800.; Eastern Mediterranean.; Astronomie--Ouvrages avant 1800.; Mathématiques grecques--Ouvrages avant 1800.",http://vocab.getty.edu/tgn/7593196,,0,,,,,2026-01-29,2026-01-29,European and Classical Antiquity,0.7941176470588235,0.2058823529411764,0.0,0.0,0.0,0.0,0.7941176470588235,0.0,European and Classical Antiquity
31154069007977,Book,,PA445.E5 C36 2021,NYU Inst Study Ancient World,Reference 3 Collection,990083302750107876,The Cambridge Greek lexicon /,0521826802; 9780521826808; 1108836992; 9781108836999; 1108836984; 9781108836982; 1139050044; 9781139050043,,,Cambridge University Press,"Cambridge, United Kingdom :",2021,Dictionary; Greek language; dictionaries.; Dictionaries; Dictionaries.; LANGUAGE ARTS & DISCIPLINES / Linguistics.; Greek language--Dictionaries--English.; Dictionnaires grecs (grec moderne).; Dictionnaires.; Greece (ancient),http://vocab.getty.edu/tgn/7594735,,0,v.1,,,,2026-01-29,2026-01-29,European and Classical Antiquity,0.9300919959112928,0.0,0.0177621735330281,0.0,0.0,0.052145830555679,0.9300919959112928,0.0,European and Classical Antiquity
31154069007985,Book,,PA445.E5 C36 2021,NYU Inst Study Ancient World,Reference 3 Collection,990083302750107876,The Cambridge Greek lexicon /,0521826802; 9780521826808; 1108836992; 9781108836999; 1108836984; 9781108836982; 1139050044; 9781139050043,,,Cambridge University Press,"Cambridge, United Kingdom :",2021,Dictionary; Greek language; dictionaries.; Dictionaries; Dictionaries.; LANGUAGE ARTS & DISCIPLINES / Linguistics.; Greek language--Dictionaries--English.; Dictionnaires grecs (grec moderne).; Dictionnaires.; Greece (ancient),http://vocab.getty.edu/tgn/7594735,,0,v.2,,,,2026-01-29,2026-01-29,European and Classical Antiquity,0.9300919959112928,0.0,0.0177621735330281,0.0,0.0,0.052145830555679,0.9300919959112928,0.0,European and Classical Antiquity
31154069007993,Book,,BR166 .S76 2024,NYU Inst Study Ancient World,Small Collection,9998780659607876,Christian beginnings : a study in ancient Mediterranean religion /,1399510061; 9781399510066; 139951007X; 9781399510073; 9781399510097; 1399510096; 9781399510080; 1399510088,,"Stowers, Stanley Kent, author.",Edinburgh University Press,Edinburgh :,[2024],"Bible. New Testament Social scientific criticism.; Christianity--Origin.; Christian literature, Early--History and criticism.; Church history--Primitive and early church, ca. 30-600.; Church history--Historiography.; Mediterranean Region--Religion--History--To 1500.; Church history.; church history.; Internum Mare.; Christianisme--Origines.; Littérature chrétienne primitive--Histoire et critique.; Église--Histoire--ca 30-600 (Église primitive); Église--Histoire.; Église--Histoire--Historiographie.",https://pleiades.stoa.org/places/1043,,0,,,,,2026-01-29,2026-01-29,European and Classical Antiquity,0.5381973684450881,0.4221155830941868,0.0,0.0,0.0,0.0329172702412898,0.5381973684450881,0.006769778219435,European and Classical Antiquity
31154069008009,Book,,DS154.9.M33 N37 2025,NYU Inst Study Ancient World,Small Collection,9998780659507876,"Narrating archaeological sites and places : fifty years of the Madaba Plains Project at Tall Hisban, Tall al-ʻUmayri, and Tall Jalul /",1800506554; 9781800506558; 9781800507067; 1800507062; 9781800506565; 1800506562,,,Equinox Publishing Ltd,"Sheffield, South Yorkshire ; Bristol, CT :",2025.,"Maʻdabā Plains Project (Jordan)--History.; Excavations (Archaeology)--Jordan--Mādabā Region.; Jalūl, Tall (Jordan); Maʼdabā Region (Jordan)--Antiquities.; Ḥisbān, Tall (Jordan); ʻUmayri, Tall al- (Jordan); Excavations (Archaeology); Jordan; Esbous.; Tall al-Umayri.; Mādabā.",https://pleiades.stoa.org/places/697662; https://pleiades.stoa.org/places/4629903; http://vocab.getty.edu/tgn/7029448,http://id.loc.gov/authorities/subjects/sh93001155; http://id.loc.gov/authorities/subjects/sh2004009847; https://id.oclc.org/worldcat/entity/E39PBJgMCMwpB3Qrd9t7MBYHG3;,0,,,,,2026-01-29,2026-01-29,Ancient Western Asia,0.8295302295266402,0.8295302295266402,0.0308662410986656,0.0482635769906408,0.0,0.0608829526258084,0.0179357887465219,0.0125212110117228,Ancient Western Asia
31154069008017,Book,,N5763 .F47 2025,NYU Inst Study Ancient World,Small Collection,9998773574307876,The domesticity of their darkness : snapshots of the enslaved in Roman art /,9781805831150; 1805831151; 9781805831167; 180583116X,,"Ferris, Iain, author.",Archaeopress Archaeology,Bicester :,[2025],"Enslaved persons--Art.; Art, Roman.; Classical antiquities.; Slavery in art--History.; classical archaeology.; Art, Roman; Slavery in art; Roman Empire.; Art romain.; Esclaves--Art.; Antiquités gréco-romaines.",http://vocab.getty.edu/tgn/7030347,,0,,,,,2026-01-29,2026-01-29,European and Classical Antiquity,0.7853881278538812,0.0,0.0182648401826484,0.1963470319634703,0.0,0.0,0.7853881278538812,0.0,European and Classical Antiquity
31154069008025,Book,,DS62.2 .S27 2023 Non-Circulating,NYU Inst Study Ancient World,Small Collection,9998780766707876,È caduta Babilonia! /,9791280961136,,"Saporetti, Claudio, author.",La lepre edizioni,Roma :,[2023],Middle East--History--To 622.; Middle East--Antiquities.; Babylon (Extinct city)--In the Bible.; Babylon.; Moyen-Orient--Histoire--Jusqu'à 622.; Moyen-Orient--Antiquités.; Babylone (Ville ancienne)--Dans la Bible.,https://pleiades.stoa.org/places/893951;,,0,,,,,2026-01-30,2026-01-30,Ancient Western Asia,0.7854201187410138,0.7854201187410138,0.0868095920713752,0.0315671243895909,0.0372041108877322,0.0398209137942088,0.0109885559584019,0.0081895841576769,Ancient Western Asia
31154069008033,Book,,DS99.E25 N54 2024 Non-Circulating,NYU Inst Study Ancient World,Large Collection,9998780766607876,Níǧ-ba dub-sar maḫ : studies on Ebla and the Ancient Near East presented to Amalia Catagnoti /,8854914975; 9788854914971,,,Edizioni Quasar,Roma :,[2024],Ebla (Extinct city); Syria--Antiquities.; Middle East--Antiquities.; Excavations (Archaeology)--Syria--Ebla (Extinct city); Excavations (Archaeology)--Middle East.; Antiquities; Excavations (Archaeology); Middle East; Syria; Syria--Ebla (Extinct city); Syria.; Ebla.; Syrie--Antiquités.; Moyen-Orient--Antiquités.; Fouilles (Archéologie)--Syrie--Ebla (Ville ancienne),https://pleiades.stoa.org/places/1306; https://pleiades.stoa.org/places/869702586;,https://id.oclc.org/worldcat/entity/E39QbtfRrbPWVQ3tvhM9q9jX7B; https://id.oclc.org/worldcat/entity/E39PBJjCRBKkHMFhK6qCKbXfMP;,0,,,,,2026-01-30,2026-01-30,Ancient Western Asia,0.853240152357303,0.853240152357303,0.0140846953736668,0.0327789274150793,0.0386323073106292,0.041349564399756,0.0114103861255022,0.008503967018063,Ancient Western Asia
31154069008041,Book,,G87.S9 P67 2024,NYU Inst Study Ancient World,Large Collection,9998780766507876,Strabo's Geography : a translation for the modern world /,0691243131; 9780691243139; 9780691243122; 0691243123,,"Strabo, author.",Princeton University Press,Princeton :,[2024],"Geography, Ancient--Early works to 1800.; Geography--Early works to 1800.; Greece (ancient); Géographie ancienne--Ouvrages avant 1800.; Géographie--Ouvrages avant 1800.",http://vocab.getty.edu/tgn/7594735,,0,,,,,2026-01-30,2026-02-13,Ancient Western Asia,0.6270023199330936,0.6270023199330936,0.0377880862459677,0.0879431825360702,0.1036473222746542,0.1109375009055932,0.0326815881046207,0.0,Ancient Western Asia
31154069037495,Book,,DS94.5 .A815 2021,NYU Inst Study Ancient World,Small Collection,9998775173307876,Archeologia della Siria antica /,8829011193; 9788829011193,,,Carocci editore,Roma :,ottobre 2021.,Syria--Antiquities.; Excavations (Archaeology)--Syria.; Syria--Civilization.; Antiquities; Civilization; Excavations (Archaeology); Syria; handbooks.; Handbooks and manuals; Handbooks and manuals.; Syria.; Guides et manuels.; Syrie--Antiquités.,https://pleiades.stoa.org/places/1306;,https://id.oclc.org/worldcat/entity/E39QbtfRrbPWVQ3tvhM9q9jX7B;,0,,,,,2026-01-07,2026-01-07,Ancient Western Asia,0.8514795858091957,0.8514795858091957,0.0495320534681249,0.0342221460325226,0.0,0.0431701383437786,0.012717689403978,0.0088783869423997,Ancient Western Asia
31154069037503,Book,,DS81 .C58 2013,NYU Inst Study Ancient World,Oversize Collection,9998775170307876,"From the Mediterranean to the Atlantic : people, goods and ideas between East and West : 8th International Congress of Phoenician and Punic Studies : Italy, Sardinia, Carbonia, Sant'Antioco, 21th-26th October 2013 /",886227968X; 9788862279680,,"Congresso internazionale di studi fenici e punici Sardinia, Italy) 2013 : (8th :",Fabrizio Serra Editore,Pisa :,2017-2018.,"Phoenician antiquities--Congresses.; Punic antiquities--Congresses.; Mediterranean Region--History--Civilization--To 476--Congresses.; Civilization; Phoenician antiquities; Punic antiquities; Mediterranean Region; To 476; Conference papers and proceedings; History; Internum Mare.; Antiquités phéniciennes--Congrès.; Antiquités puniques--Congrès.; Méditerranée, Région de la--Histoire--Civilisation--Jusqu'à 476--Congrès.",https://pleiades.stoa.org/places/1043;,,1,v.1,,,,2026-01-09,2026-04-13,Ancient Western Asia,0.7440012865698618,0.7440012865698618,0.1199072980634139,0.0334287012782851,0.039398112220836,0.0421692332638917,0.012422828177741,0.0086725404259701,Ancient Western Asia
31154069037511,Issue,,PJ4001 .A28,NYU Inst Study Ancient World,Oak Collection,990023102710107876,Acta Sumerologica.,,0387-8082,,Dept of Linguistics University of Hiroshima,[Hiroshima] :,1979,Sumerians--Periodicals.; Babylonia--Periodicals.; Sumerian philology.; Sumerians.; Middle East--Babylonia.; Periodicals.; 02.14 organization of science and culture.; Culturele centra.; Sumerian philology--Periodicals.; Sumerian language--Periodicals.; Sumer--History--Periodicals.; Sumerian language--Serials,(OCoLC)fst01219361,https://id.oclc.org/worldcat/entity/E39PBJvCWG6xj8PrpgQbdmHwG3;,0,no.12:1990,,,,2026-01-14,2026-01-14,Ancient Western Asia,0.9392398087179163,0.9392398087179163,0.0,0.0,0.0,0.0476195943579822,0.0131405969241014,0.0,Ancient Western Asia
31154069078440,Bound Issue,In Process,DS715 .W439,NYU ISAW Offsite,Offsite Collection,990018258730107876,Wen wu.,,0511-4772,,Wen wu chu ban she,Beijing :,1959-,"Electronic journals.; Antiquities; China; Periodicals; Periodicals.; Art, Chinese--History--Periodicals.; China--Antiquities--Periodicals.; Imperial China.; China.; Ancient China.; Chine--Antiquités--Périodiques.",http://vocab.getty.edu/tgn/8697462; http://vocab.getty.edu/tgn/1000111; http://vocab.getty.edu/tgn/8697463;,https://id.oclc.org/worldcat/entity/E39PBJdCqh8h6hJY7PT6MQW4bd;,0,2025:no.7-12,,,,2026-01-08,2026-02-09,"China, South Asia, & East Asia",0.925016078586442,0.0,0.0215120018275916,0.925016078586442,0.0,0.0330362885209443,0.0117090642859043,0.0087265667791173,"China, South Asia, & East Asia"
31154069078457,Book,,DS70.5.A23 A38 v.5 2022,NYU Inst Study Ancient World,Large Collection,9998775680907876,Two early dynastic houses : living with the dead /,0903472392; 9780903472395; 0903472406; 9780903472401; 9780903472388; 0903472384,,"Charles, Michael P., author.",The British Institute for the Study of Iraq,London :,2022.,"Abū Ṣalābīkh (Iraq)--Antiquities.; Excavations (Archaeology)--Iraq--Abū Ṣalābīkh.; Architecture, Domestic--Iraq--History--To 1500.; Tell Abu Salabikh.",https://pleiades.stoa.org/places/912950,,0,pt.1,,,,2026-01-12,2026-01-12,Ancient Western Asia,0.830722345651489,0.830722345651489,0.0257588324233019,0.0402774470618903,0.0270153608341947,0.0508087061560543,0.0149679701919187,0.0104493376811508,Ancient Western Asia
31154069078465,Book,,DS70.5.A23 A38 v.5 2022,NYU Inst Study Ancient World,Large Collection,9998775680907876,Two early dynastic houses : living with the dead /,0903472392; 9780903472395; 0903472406; 9780903472401; 9780903472388; 0903472384,,"Charles, Michael P., author.",The British Institute for the Study of Iraq,London :,2022.,"Abū Ṣalābīkh (Iraq)--Antiquities.; Excavations (Archaeology)--Iraq--Abū Ṣalābīkh.; Architecture, Domestic--Iraq--History--To 1500.; Tell Abu Salabikh.",https://pleiades.stoa.org/places/912950,,0,pt.2,,,,2026-01-12,2026-01-12,Ancient Western Asia,0.830722345651489,0.830722345651489,0.0257588324233019,0.0402774470618903,0.0270153608341947,0.0508087061560543,0.0149679701919187,0.0104493376811508,Ancient Western Asia
31154069078473,Book,,S431 .K67 2023,NYU Inst Study Ancient World,Large Collection,9998775680107876,Oleum et vinum Adriaticum : production of olive oil and wine in Roman Histria and Dalmatia /,9538143558; 9789538143557,,"Kopáčková, Jana, author.",Arheološki muzej u Zagrebu,Zagreb :,2023.,"Rome--Antiquities.; Wine and wine making--Rome.; Olive--Rome.; Olive oil--Rome.; Dalmatia (Croatia)--Antiquities.; Wine and wine making--Croatia--Dalmatia--History.; Olive--Croatia--Dalmatia--History.; Olive oil--Croatia--Dalmatia--History.; Adriatic Coast (Croatia)--Antiquities.; Wine and wine making--Croatia--Adriatic Coast--History.; Olive--Croatia--Adriatic Coast--History.; Olive oil--Croatia--Adriatic Coast--History.; Histria.; Dalmatia.; Rome--Antiquités.; Huile d'olive--Rome.; Huile d'olive--Croatie--Dalmatie--Histoire.; Huile d'olive--Croatie--Adriatique, Côte de l'--Histoire.",https://pleiades.stoa.org/places/197304; https://pleiades.stoa.org/places/197240;,,0,,,,,2026-01-12,2026-01-12,European and Classical Antiquity,0.4910498054724723,0.3714621148805615,0.0153453064210147,0.0357127131252707,0.0420899833262119,0.0350749861051765,0.4910498054724723,0.0092650906692919,European and Classical Antiquity
31154069078481,Book,,P1038 .L43 2023,NYU Inst Study Ancient World,Small Collection,9998775677207876,The legacy of Michael Ventris : progress and perspectives in the field of Aegan scripts and Mycenaean studies /,8880806122; 9788880806127,,,CNR edizioni; CNR - Istituto di scienze del patrimonio culturale,Roma :,2023.,"Inscriptions, Linear B.; Civilization, Mycenaean.; Greek language--Dialects--Greece--Mycenae (Extinct city); Festschriften.; Mycenae.; Civilisation mycénienne.; Grec (Langue)--Dialectes--Grèce--Mycènes (Ville ancienne)",https://pleiades.stoa.org/places/570491,,0,,,,,2026-01-12,2026-01-12,Ancient Western Asia,0.8716869717797672,0.8716869717797672,0.0159191035405172,0.0,0.0436638268539902,0.0363865223783251,0.0323435754474001,0.0,European and Classical Antiquity
31154069078499,Book,,Z110.P36 P37 2021,NYU Inst Study Ancient World,Large Collection,9998775676807876,Le papyrus dans tous ses états : de Cléopâtre à Clovis /,2722605805; 9782722605800,,,Collège de France,Paris :,2021.,Manuscripts (Papyri)--Exhibitions.; Writing materials and instruments--History--To 1500--Exhibitions.; Manuscripts (Papyri); Writing materials and instruments; To 1500; exhibition catalogs.; Exhibition catalogs; History; Exhibition catalogs.; Ancient Egypt (region); Papyrologie.; Papyrus (manuscrits)--Jusqu'à 1500.; Catalogues d'exposition.,https://pleiades.stoa.org/places/981503,,0,,,,,2026-01-12,2026-01-12,Egypt & North Africa,0.8925377631758004,0.0,0.0,0.0324559186609381,0.03825161842182,0.8925377631758004,0.0283345321643111,0.0084201675771301,Egypt & North Africa
31154069078507,Book,In Process,DF287.P385 A54,NYU Inst Study Ancient World,Large Collection,9998776380907876,Hē keramikē apo to Nekrotapheio tou Phalērou /,9603867020; 9789603867029,,"Alexandropoulou, Anna, author.",Ekdosē tou Organismou Diacheirisēs kai Anaptyxēs Politistikōn Porōn,Athēna :,2024-,"Black-gloss ware--Greece--Athens.; Pottery, Greek--Greece--Athens.; Grave goods--Greece--Athens.; Excavations (Archaeology)--Greece--Athens.; Phaleron cemetery (Attica); Athenae.; Céramique à vernis noir--Grèce--Athènes.; Mobilier funéraire--Grèce--Athènes.; Fouilles (Archéologie)--Grèce--Athènes.",https://pleiades.stoa.org/places/992770797; https://pleiades.stoa.org/places/579885,,0,mer.1,,,,2026-01-13,2026-03-11,European and Classical Antiquity,0.9615243679003298,0.0,0.0150238182484426,0.0,0.0234518138512275,0.0,0.9615243679003298,0.0,European and Classical Antiquity
31154069078515,Issue,,DJK24 .A75,NYU Inst Study Ancient World,Oak Collection,990003874770107876,"Archaeology, ethnology & anthropology of Eurasia.",,1563-0110,,Elsevier; Institute of Archaeology and Ethnography SB RAS Press,Novosibirsk :,2000-,Anthropology; Archaeology; Civilization; Ethnology; Eurasia; Periodicals; Periodicals.; Archaeology--Eurasia--Periodicals.; Ethnology--Eurasia--Periodicals.; Anthropology--Eurasia--Periodicals.; Eurasia--Civilization--Periodicals.; Eurasiska etniska grupper.; Eurasia.; 39 -- Ethnography.; 903 -- Archaeology.; (*50) -- Soviet Union.; Science periodicials.,http://vocab.getty.edu/tgn/3000006;,,1,v.53:no.3(2025),,,,2026-01-22,2026-01-22,Central Asia & Siberia,0.5280836364240281,0.0,0.5280836364240281,0.0,0.0452643116934881,0.0,0.0133692059854184,0.4132828458970655,Central Asia & Siberia
31154069078523,Issue,,DT57 .S62,NYU Inst Study Ancient World,Oak Collection,990021661780107876,The SSEA journal.,,0704-9439,Society for the Study of Egyptian Antiquities.,Society for the Study of Egyptian Antiquities,Toronto :,1977,Society for the Study of Egyptian Antiquities--Periodicals.; Egypt--Antiquities--Periodicals.; Society for the Study of Egyptian Antiquities; Antiquities; Egypt; Periodicals; 15.51 Antiquity.; Ancient Egypt (region); Egypt.; Égypte--Antiquités--Périodiques.,https://pleiades.stoa.org/places/981503; http://vocab.getty.edu/tgn/7016833;,https://id.oclc.org/worldcat/entity/E39QbtfRDwpX7XgppvP7ww3J9c;,0,v.51(2024-2025),,,,2026-01-29,2026-01-29,Egypt & North Africa,0.9761904761904762,0.0,0.0,0.0,0.0238095238095238,0.9761904761904762,0.0,0.0,Egypt & North Africa
31154069078531,Book,,PJ3193 .S6432 2023,NYU Inst Study Ancient World,Large Collection,9998780661507876,Supplement to A new workbook of cuneiform signs : teaching old Akkadian and old Babylonian sign forms /,9798873051588,,"Snell, Daniel C., author.",Daniel C Snell?,"[Norman, Oklahoma?] :",[2023],"Cuneiform writing--Problems, exercises, etc.; Akkadian language--Writing--Problems, exercises, etc.; Sumerian language--Writing--Problems, exercises, etc.; Mesopotamia (region); Écriture cunéiforme--Problèmes et exercices.; Akkadien (Langue)--Écriture--Problèmes et exercices.; Sumérien (Langue)--Écriture--Problèmes et exercices.",https://pleiades.stoa.org/places/874602,,0,,,,,2026-01-29,2026-01-29,Ancient Western Asia,0.8809155664417015,0.8809155664417015,0.0,0.0,0.0503380323680972,0.0538786279169236,0.0148677732732776,0.0,Ancient Western Asia
31154069078549,Book,,DS70.5.K5 Z35 2020,NYU Inst Study Ancient World,Large Collection,9998780659907876,The urban archaeology of early Kish : 3rd millennium BCE levels at Tell Ingharra /,8878491497; 9788878491496,,"Zaina, Federico, author.",Ante Quem,Bologna :,July 2020.,Kish (Extinct city); Excavations (Archaeology)--Iraq--Kish (Extinct city); Excavations (Archaeology); Iraq--Kish (Extinct city); Kish.; Kish (Ville ancienne),https://pleiades.stoa.org/places/894028;,,0,,,,,2026-01-29,2026-01-29,Ancient Western Asia,0.8877142480470028,0.8877142480470028,0.015330591454759,0.0356784673856211,0.0,0.0450072409681001,0.0124197196595516,0.0038497324849649,Ancient Western Asia
31154069078556,Book,,DS154.9.M37 B46 2022,NYU Inst Study Ancient World,Small Collection,9998780659707876,Tell al-Mashhad : lo scavo /,8899847452; 9788899847456,,"Benedettucci, Francesco M., author.",Edizioni Espera,Monte Compatri (RM) :,novembre 2022.,"Tell al-Mashhad Site (Jordan)--Antiquities.; Excavations (Archaeology)--Jordan--Tell al-Mashhad Site.; Antiquities, Prehistoric--Jordan--Tell al-Mashhad Site.; Iron age--Jordan--Tell al-Mashhad Site.; Jordan--Antiquities.; Antiquities; Excavations (Archaeology); Jordan; Catalogs; Tell al-Mashhad.; Jordan.; Jordanie--Antiquités.",https://pleiades.stoa.org/places/875303419; http://vocab.getty.edu/tgn/1000121;,https://id.oclc.org/worldcat/entity/E39PBJgMCMwpB3Qrd9t7MBYHG3;,0,,,,,2026-01-29,2026-01-29,Ancient Western Asia,0.9076329710124892,0.9076329710124892,0.023329611250015,0.0,0.0,0.0460171231078277,0.01355639572636,0.0094638989033079,Ancient Western Asia
31154069078564,Book,In Process,CN675.C37 E83 2021,NYU Inst Study Ancient World,Large Collection,9998780766907876,La población de Carthago Nova de la conquista al Principado : epigrafía y onomástica /,8491686444; 9788491686446,,"Escosura Balbás, Maria Cristina de la, author.",Universitat de Barcelona Edicions,Barcelona :,2021.,"Inscriptions, Latin--Spain--Cartagena.; Names, Personal--Spain--Cartagena.; Onomastics--Spain--Cartagena.; Romans--Spain--Cartagena.; Excavations (Archaeology)--Spain--Cartagena.; Cartagena (Spain)--Antiquities, Roman.; Classical antiquities; Excavations (Archaeology); Inscriptions, Latin; Names, Personal; Onomastics; Romans; Spain--Cartagena; Carthago Nova/Col. Urbs Iulia.; Roman Empire.; Inscriptions latines--Espagne--Carthagène.; Noms de personnes--Espagne--Carthagène.; Onomastique--Espagne--Carthagène.; Romains--Espagne--Carthagène.; Fouilles (Archéologie)--Espagne--Carthagène.",https://pleiades.stoa.org/places/265849; http://vocab.getty.edu/tgn/7030347,https://id.oclc.org/worldcat/entity/E39QbtfRwQkg8KvKKdV8xRP7xc;,0,,,,,2026-01-30,2026-02-12,European and Classical Antiquity,0.8429758723935606,0.0936639858215067,0.0160984975630714,0.0,0.0,0.0472616442218611,0.8429758723935606,0.0,European and Classical Antiquity
31154069078572,Book,In Process,HF377 .P46 2021,NYU Inst Study Ancient World,Large Collection,9998780766807876,Sumptuary specialists and consumer elites in Rome's world order /,8491687696; 9788491687696,,"Pérez González, Jordi, author.",Universitat de Barcelona Edicions,Barcelona :,2021.,Elite (Social sciences)--Rome.; Trade routes--Rome.; Luxury goods industry--Rome.; Rome--Commerce--History.; Rome--Civilization.; Civilization; Commerce; Elite (Social sciences); Luxury goods industry; Trade routes; Rome (Empire); History; Roman Empire.; Élite (Sciences sociales)--Rome.; Routes commerciales--Rome.; Produits de luxe--Industrie--Rome.; Rome--Civilisation.,http://vocab.getty.edu/tgn/7030347;,,0,,,,,2026-01-30,2026-02-12,European and Classical Antiquity,0.5273295381586269,0.2876342935410693,0.0494371442023712,0.0,0.1355990240979326,0.0,0.5273295381586269,0.0,European and Classical Antiquity
