id,Material Type,Process Type,call_number,Library Name,Location Name,mms_id,title,ISBN,ISSN,Author,Publisher,Publication Place,Publication Date,Subjects,651$$0,651$$1,Num of Loans Including Pre-Migration (In House),Description,Internal Note 1,Internal Note 2,Internal Note 3,date_acquired,Item Modification Date,predicted_category,confidence,prob_Ancient Western Asia,prob_Central Asia & Siberia,"prob_China, South Asia, & East Asia",prob_Cross-Cultural Studies & Other,prob_Egypt & North Africa,prob_European and Classical Antiquity,prob_The Caucasus & The Western Steppe
31154068989571,Book,,CN1170 .S29 2023,NYU Inst Study Ancient World,Small Collection,9998699354907876,Indian epigraphy and theatre /,8119391470; 9788119391479,,"Saxena, Sharmila, author.",Asia Publishers and Distributors,"New Delhi, India :",[2023],"Inscriptions, Indic--India--History.; India--Antiquities.; Theater--India.; Antiquities; Inscriptions, Indic; Theater; India; History; India.; Inde--Antiquités.; Théâtre--Inde.",https://pleiades.stoa.org/places/50004;,https://id.oclc.org/worldcat/entity/E39PBJmdx47cDXrRhBXHtbvPwC;,0,,,,,2024-12-12,2024-12-12,"China, South Asia, & East Asia",0.9147100633342146,0.0,0.014292344739597103,0.9147100633342146,0.0,0.041959177217165806,0.029038414709022683,0.0
31154068989795,Book,,HC274 .P37 2022,NYU ISAW Offsite,Offsite Collection,9998699343307876,Mesurer le développement économique en Gaule du Ier siècle av. J.-C. au VIIe siècle ap. J.-C. /,2355181276; 9782355181276,,"Pasquini, Béline, 1988- author.",Éditions Mergoil,Drémil-Lafage :,2022.,"Economic development--Gaul.; Gaul--Economic conditions.; Europe, Western--Antiquities, Roman.; Europe--Gaul; Gauls--Antiquities; Economic development--Historiography; Economic history; Romans; 1 AD-600 AD; History; Gallia.; Western Europe.; Europe de l'Ouest--Antiquités romaines.; Développement économique--Gaule.",https://pleiades.stoa.org/places/993; http://vocab.getty.edu/tgn/4003761;,https://id.oclc.org/worldcat/entity/E39PBJktkDWC7G8VyHQCpvBByd;,0,,,,,2024-12-19,2025-02-11,European and Classical Antiquity,0.805176132278936,0.100647016534867,0.02516175413371675,0.0,0.06901509705248024,0.0,0.805176132278936,0.0
31154068976784,Book,,NK3803 .P59 2015,NYU Inst Study Ancient World,Small Collection,9998695128507876,"Plain pottery traditions of the eastern Mediterranean and Near East : production, use, and social significance /",1629580902; 9781629580906; 1629580929; 9781629580920; 1629580937; 9781629580937,,,Left Coast Press,"Walnut Creek, California :",2015.,"Pottery, Ancient--Middle East.; Pottery--Social aspects--Middle East.; Middle East--Antiquities.; Middle East--Social conditions.; Antiquities; Pottery, Ancient; Pottery--Social aspects; Social conditions; Middle East; SOCIAL SCIENCE--Archaeology.; Eastern Mediterranean.; Middle East.; Moyen-Orient--Antiquités.",http://vocab.getty.edu/tgn/7593196; http://vocab.getty.edu/tgn/7001526;,,1,,,,,2024-12-02,2024-12-02,Ancient Western Asia,0.6894222683413792,0.6894222683413792,0.018312779002817883,0.042618831133830706,0.05022933669344334,0.041857780577869444,0.14650223202254306,0.011056772228116457
31154068976792,Book,,DS155 .B94 2023,NYU Inst Study Ancient World,Large Collection,9998695729407876,By god's grace : ancient Anatolian studies presented to Aram Kosyan on the occasion of his 65th Birthday /,904294868X; 9789042948686; 9042948698; 9789042948693,,,Peeters,Leuven :,2023.,Turkey--History.; Armenian Highlands--History.; Bronze age--Turkey.; Iron age--Turkey.; Bronze age--Armenian Highlands.; Iron age--Armenian Highlands.; Luwian language--History.; Hittite language--History.; Bronze age; Hittite language; Iron age; Luwian language; Asia--Armenian Highlands; Turkey; History; Asia Minor.; Armenia (region); Turkey.; Turquie--Histoire.; Louvite (Langue)--Histoire.; Hittite (Langue)--Histoire.,https://pleiades.stoa.org/places/837; https://pleiades.stoa.org/places/874350; https://vocab.getty.edu/tgn/1000144;,https://id.oclc.org/worldcat/entity/E39PBJxmHG9jJjCTM3y4pFRqcP;,1,,,,,2024-12-04,2024-12-04,The Caucasus & The Western Steppe,0.5043704570035376,0.33417137274719977,0.02997550519659267,0.0,0.03143772496228012,0.05912599648869197,0.04091894360169793,0.5043704570035376
31154068976800,Book,,DF14 .R6 1940,NYU Inst Study Ancient World,Small Collection,990021503070107876,Hellenica. : recueil d'épigraphie de numismatique et d'antiquitiés grecques. /,,,"Robert, Louis, 1904-1985.",Impr A Bontemps,Limoges :,1940-,"Greece--Antiquities.; Inscriptions, Greek.; Numismatics, Greek.; Antiquities; Inscriptions, Greek; Greece; Numismatics, Greek; Aufsatzsammlung.; Hellas.; Monnaies grecques; Épigrammes grecques; Grèce antique; [Études diverses]; inscription grecque; institution (sociologie); Greece.; Grèce--Antiquités.; Inscriptions grecques.; Numismatique--Grèce.",https://pleiades.stoa.org/places/696690497; (RERO)A010091108 http://vocab.getty.edu/tgn/1000074;,https://id.oclc.org/worldcat/entity/E39PBJxd6hw8HtWYq9JY6hjjYP;,0,v.1,Walbank Collection,,,2024-12-04,2024-12-04,European and Classical Antiquity,0.9772727272727272,0.0,0.022727272727272724,0.0,0.0,0.0,0.9772727272727272,0.0
31154068976818,Book,,DT62.T8 C6 1977,NYU ISAW Offsite,Offsite Collection,9998696305607876,"The coffins, mask & mummy of Tutankhamun.",,,,Design Counsel,New York :,©1977.,"Tutankhamen,--King of Egypt.; Egypt--Antiquities.; Mummies.; Tutankhamen,--King of Egypt; Antiquities; Mummies; Egypt; Tomb of Tutankhamun (KV62); Ancient Egypt (region); Egypt.; Égypte--Antiquités.; Momies.",https://pleiades.stoa.org/places/599287018; https://pleiades.stoa.org/places/981503; http://vocab.getty.edu/tgn/7016833;,https://id.oclc.org/worldcat/entity/E39QbtfRDwpX7XgppvP7ww3J9c;,0,,,,,2024-12-05,2025-02-11,Egypt & North Africa,1.0,0.0,0.0,0.0,0.0,1.0,0.0,0.0
31154068976826,Book,,PJ3223 .S7 1910z,NYU Inst Study Ancient World,Reference 4 Collection,9998696305407876,"Silben- und ideogrammliste, im einverständnis mit der redaktion der VAB",,,"Streck, Maximilian, 1873-1945",JC Hinrichs,"Leipzig,",[191-],Cuneiform writing.; cuneiform.; Cuneiform writing; Middle East.; Écriture cunéiforme.,http://vocab.getty.edu/tgn/7001526,,0,,,,,2024-12-05,2024-12-05,Ancient Western Asia,0.5387152101753363,0.5387152101753363,0.009440818819509192,0.0,0.025894817333510928,0.41830089538748416,0.007648258284159345,0.0
31154068976834,Book,,DF220 .P375 1981,NYU Inst Study Ancient World,Small Collection,9998696305307876,Bulletin bibliographique des études égéo-anatoliennes /,,,"Pelon, Olivier, author.","Société d'édition ""Les Belles Lettres""",Paris :,1981.,Aegean Sea Region--Antiquities--Bibliography.; Aegean Sea Region--Languages--Bibliography.; Turkey--Antiquities--Bibliography.; Turkey--Languages--Bibliography.; Antiquities; Language and languages; Europe--Aegean Sea Region; Turkey; Bibliographies; Aegaeum Mare.; Asia Minor.; Turkey.; Turquie--Antiquités--Bibliographie.; Turquie--Langues--Bibliographie.,https://pleiades.stoa.org/places/560221; https://pleiades.stoa.org/places/837; https://vocab.getty.edu/tgn/1000144;,https://id.oclc.org/worldcat/entity/E39PBJxmHG9jJjCTM3y4pFRqcP;,0,,,,,2024-12-05,2024-12-05,European and Classical Antiquity,0.8661244063583894,0.059500263840715814,0.014875065960178954,0.0,0.0,0.0,0.8661244063583894,0.059500263840715814
31154068976842,Book,,P211 .C475 2001,NYU ISAW Offsite,Offsite Collection,9998696303007876,Ancient writing & lettering.,,,Charles Ede Ltd.,Charles Ede,London :,2001.,Cuneiform tablets--Catalogs.; Manuscripts (Papyri)--Catalogs.; Inscriptions--Catalogs.; Charles Ede Ltd.; Ancient world--Art and archaeology--Collections.; Tablettes cunéiformes--Catalogues.,,,0,,,,,2024-12-05,2025-02-11,Cross-Cultural Studies & Other,0.7583546036068348,0.19661045278695716,0.0,0.0,0.7583546036068348,0.03478690842233187,0.010248035183876146,0.0
31154068976859,Book,,DT73.D54 S655 2024,NYU Inst Study Ancient World,Large Collection,9998696299307876,Soknopaiou Nesos project.,9791255681021,,,Pensa MultiMedia,Lecce :,[2024],"Dīmay (Extinct city); Manuscripts, Greek (Papyri)--Egypt--Dīmay (Extinct city); Inscriptions, Greek--Egypt--Dīmay (Extinct city); Coptic manuscripts (Papyri)--Egypt--Dīmay (Extinct city); Ostraka--Egypt--Dīmay (Extinct city); Egyptian language--Writing, Demotic.; demotic.; primary sources.; Primary sources.; Soknopaiou Nesos.; Sources.; Égyptien (Langue)--Écriture démotique.",https://pleiades.stoa.org/places/737053,,1,,,,,2024-12-06,2024-12-06,Egypt & North Africa,0.9846153846153847,0.0,0.015384615384615385,0.0,0.0,0.9846153846153847,0.0,0.0
31154068976867,Book,,N7325 .H37 1984,NYU ISAW Offsite,Offsite Collection,9998698155107876,"Art, archaeology and the early kingdoms in the Malay Peninsula and Sumatra : c. 400-1400 A.D.",,,"Hassan Shuhaimi bin Nik Abd. Rahman, Nik, author.",,,1984.,Art--Indonesia--Sumatra--History.; Art--Malaysia--Malaya--History.; Malaya--Antiquities.; Malaya--History.; Sumatra (Indonesia)--Antiquities.; Sumatra (Indonesia)--History.; Academic Dissertation; Antiquities; Art; Indonesia--Sumatra; Malaya; dissertations.; Academic theses; Academic theses.; Thèses et écrits académiques.; Malay Peninsula.; Sumatra.; Malaya.; Art--Indonésie--Sumatra--Histoire.; Malaisie occidentale--Histoire.; Sumatra (Indonésie)--Histoire.,http://vocab.getty.edu/tgn/7018618; http://vocab.getty.edu/tgn/7016484;,https://id.oclc.org/worldcat/entity/E39PBJdRrttXGRM9PwfYQYrcyd; https://www.wikidata.org/entity/Q1479726;,0,v.1,Bunker,,,2024-12-09,2025-02-11,European and Classical Antiquity,0.4501837604464201,0.08909886925502065,0.07503062674107003,0.2591967105600601,0.06109636748915702,0.06539366550827204,0.4501837604464201,0.0
31154068976875,Book,,N7325 .H37 1984,NYU ISAW Offsite,Offsite Collection,9998698155107876,"Art, archaeology and the early kingdoms in the Malay Peninsula and Sumatra : c. 400-1400 A.D.",,,"Hassan Shuhaimi bin Nik Abd. Rahman, Nik, author.",,,1984.,Art--Indonesia--Sumatra--History.; Art--Malaysia--Malaya--History.; Malaya--Antiquities.; Malaya--History.; Sumatra (Indonesia)--Antiquities.; Sumatra (Indonesia)--History.; Academic Dissertation; Antiquities; Art; Indonesia--Sumatra; Malaya; dissertations.; Academic theses; Academic theses.; Thèses et écrits académiques.; Malay Peninsula.; Sumatra.; Malaya.; Art--Indonésie--Sumatra--Histoire.; Malaisie occidentale--Histoire.; Sumatra (Indonésie)--Histoire.,http://vocab.getty.edu/tgn/7018618; http://vocab.getty.edu/tgn/7016484;,https://id.oclc.org/worldcat/entity/E39PBJdRrttXGRM9PwfYQYrcyd; https://www.wikidata.org/entity/Q1479726;,0,v.2,Bunker,,,2024-12-09,2025-02-11,European and Classical Antiquity,0.4501837604464201,0.08909886925502065,0.07503062674107003,0.2591967105600601,0.06109636748915702,0.06539366550827204,0.4501837604464201,0.0
31154068976883,Book,,DS7 .T26 1676,NYU Inst Study Ancient World,Antiquarian Collection,990025901340107876,"Les six voyages de Jean Baptiste Tavernier ... en Turquie, en Perse, et aux Indes, pendant l'espace de quarante ans ... accompagnez d'observations particulieres sur la qualité, la religion, le gouvernement, les coûtumes & le commerce de chaque païs, avec les figures, le poids, & la valeur des monnoyes qui y ont cours.",,,"Tavernier, Jean-Baptiste, 1605-1689.",G Clouzier,"Paris,",1676-77.,Asia--Description and travel--Early works to 1800.; Travel; Asia; Early works; India.; Persia.; Ottoman Empire.; Asia.; Asie--Descriptions et voyages--Ouvrages avant 1800.,https://pleiades.stoa.org/places/50004; http://vocab.getty.edu/tgn/7024079; http://vocab.getty.edu/tgn/7024412; http://vocab.getty.edu/tgn/1000004;,https://id.oclc.org/worldcat/entity/E39PBJxMpyjKQ9Jtm3jkjPBgKd;,0,t.1,Garsoian,,,2024-12-09,2024-12-09,Ancient Western Asia,0.7163533659480377,0.7163533659480377,0.15835179668325045,0.028791235760590984,0.0,0.03631921942276386,0.010699445721841245,0.04948493646351576
31154068976891,Book,,DK61 .C45 1838,NYU Inst Study Ancient World,Antiquarian Collection,9998698154607876,Russie /,,,"Chopin, Jean Marie, 1796-1870, author.",Firmin Didot Frères Éditeurs,Paris :,1838.,Russia--History.; Caucasus.; Armenia; Caucasus; Russia; History; Armenia.; Circassia (Russia); Georgia (Republic); Crimea (Ukraine); Taurike Chersonesos.; Caucasus (mountain range); Armenia (region); Russia.; Gosudarstvennyĭ institut iskusstvoznanii͡a Ministerstva kulʹtury Rossiĭskoĭ Federat͡sii.; Arménie.,https://pleiades.stoa.org/places/226778; https://pleiades.stoa.org/places/863766; https://pleiades.stoa.org/places/874350; http://vocab.getty.edu/tgn/7002435;,https://id.oclc.org/worldcat/entity/E39PBJvmQdDFKvWPC3kQ3WRdwC;,0,t.1,Garsoian,,,2024-12-09,2024-12-09,The Caucasus & The Western Steppe,0.7937039517749498,0.0,0.19401652154498775,0.0,0.0,0.0,0.012279526680062514,0.7937039517749498
31154068976909,Book,,DK61 .C45 1838,NYU Inst Study Ancient World,Antiquarian Collection,9998698154607876,Russie /,,,"Chopin, Jean Marie, 1796-1870, author.",Firmin Didot Frères Éditeurs,Paris :,1838.,Russia--History.; Caucasus.; Armenia; Caucasus; Russia; History; Armenia.; Circassia (Russia); Georgia (Republic); Crimea (Ukraine); Taurike Chersonesos.; Caucasus (mountain range); Armenia (region); Russia.; Gosudarstvennyĭ institut iskusstvoznanii͡a Ministerstva kulʹtury Rossiĭskoĭ Federat͡sii.; Arménie.,https://pleiades.stoa.org/places/226778; https://pleiades.stoa.org/places/863766; https://pleiades.stoa.org/places/874350; http://vocab.getty.edu/tgn/7002435;,https://id.oclc.org/worldcat/entity/E39PBJvmQdDFKvWPC3kQ3WRdwC;,0,t.2,Garsoian,,,2024-12-09,2024-12-09,The Caucasus & The Western Steppe,0.7937039517749498,0.0,0.19401652154498775,0.0,0.0,0.0,0.012279526680062514,0.7937039517749498
31154068976917,Book,,DK679.5.X48 K53 1828,NYU Inst Study Ancient World,Antiquarian Collection,9998698154307876,"Description de Khevi, traduite de la topographie géorginne (1) /",,,"Klaproth, Julius von, 1783-1835, author.",Imprimerie Royale,[Paris] :,[1828].,Xevi (Georgia)--Description and travel.; Khevi.,,http://www.wikidata.org/entity/Q2453088,0,,Garsoian,,,2024-12-09,2024-12-09,The Caucasus & The Western Steppe,0.8511424556290013,0.0,0.1356893769843335,0.0,0.0,0.0,0.013168167386665278,0.8511424556290013
31154068976925,Issue,,DS111.A1 W2,NYU ISAW Offsite,Offsite Collection,990035216480107876,Albright news /,,1550-7270,W.F. Albright Institute of Archaeological Research.,WF Albright Institute of Archaeological Research,"Boston, MA :",c1996-,W.F. Albright Institute of Archaeological Research--Periodicals.; Archaeology--Israel--Periodicals.; Israel--Antiquities--Periodicals.; W.F. Albright Institute of Archaeological Research; Antiquities; Archaeology; Israel; Periodicals; Israel.,http://vocab.getty.edu/tgn/1000119,https://id.oclc.org/worldcat/entity/E39PBJdgWx83Xb7cjjrMXBJYyd;,0,no.20(2015),,,,2024-12-09,2025-02-11,Ancient Western Asia,0.8608083721818507,0.8608083721818507,0.050768106179212236,0.035076146087455726,0.0,0.044247431991056546,0.0,0.009099943560424836
31154068976933,Book,,"PJ3721.M3 A7 t.33, etc.",NYU Inst Study Ancient World,Large Collection,990073731200107876,Les premières années du roi Zimrî-Lîm de Mari /,9042939656; 9789042939653; 9042949562; 9789042949560; 9042953438; 9789042953437; 9789042953444; 9042953446; 9789042939660; 9042939664,,"Durand, Jean-Marie, 1940- author.",Peeters,"Leuven ; Bristol, CT :",2019-2024.,"Cuneiform tablets--Syria--Mari (Extinct city); Cuneiform inscriptions, Akkadian--Syria--Mari (Extinct city); Cuneiform tablets; Cuneiform inscriptions, Akkadian; Akkadian language; Syria--Mari (Extinct city); History; Sources; Texts; Zimri-Lim,--King of Mari,--active 18th century B.C.; Mari (Extinct city)--History--Sources.; Mari (Extinct city)--Kings and rulers.; Akkadian language--Texts.; Māri.; Mari (Ville ancienne)--Histoire--Sources.; Akkadien (Langue)--Textes.; Tablettes cunéiformes--Syrie--Mari (Ville ancienne); Inscriptions cunéiformes akkadiennes--Syrie--Mari (Ville ancienne)",https://pleiades.stoa.org/places/286681704;,,0,t.35:2024,,,,2024-12-10,2024-12-10,Ancient Western Asia,0.9456086472456806,0.9456086472456806,0.0,0.0,0.0,0.04794249539391428,0.006448857360405152,0.0
31154068976941,Book,,DF220 .I96 2022,NYU Inst Study Ancient World,Large Collection,9998698151907876,"IXNH : walking in the footsteps of the pioneer of Aegean archaeology in celebration of the 200th anniversary of the birth of Heinrich Schliemann : proceedings of the 19th International Aegean Conference/19e Rencontre égéenne internationale, Centro Internazionale per la Ricerca sulle Civiltà Egee ""Pierre Carlier"", Comune di Oristano e Fondazione Oristano, Università degli Studi di Sassari, May 10-14, 2022 /",9042953209; 9789042953208; 9789042953215; 9042953217,,"International Aegean Conference Oristano, Sardinia), 2022 : issuing body. (19th :",Peeters,Leuven :,2024.,"Schliemann, Heinrich,--1822-1890--Congresses.; Aegean Islands (Greece and Turkey)--Antiquities--Congresses.; proceedings (reports); Conference papers and proceedings.; Aegaeum Mare.; Actes de congrès.",https://pleiades.stoa.org/places/560221,,0,,,,,2024-12-10,2024-12-10,European and Classical Antiquity,0.8700257759259913,0.0790932523569083,0.013594152748843614,0.0,0.03728681896825677,0.0,0.8700257759259913,0.0
31154068976958,Book,,DS69.5 .M384 2023,NYU Inst Study Ancient World,Small Collection,9998698854807876,Material culture of Mesopotamia and beyond.,9042948981; 9789042948983,,,Peeters,Leuven :,2023.,Iraq--Antiquities.; Cuneiform inscriptions.; Antiquities; Material culture; Iraq; Material culture--Iraq--Babylonia.; Cuneiform inscriptions; Iraq--Antiquities; Mesopotamia (region); Babylonia.; Iraq.; Culture matérielle--Irak--Babylonie.; Irak--Antiquités.; Inscriptions cunéiformes.,https://pleiades.stoa.org/places/874602; https://pleiades.stoa.org/places/912816; http://vocab.getty.edu/tgn/1000118;,https://id.oclc.org/worldcat/entity/E39PBJtCBPBdMfmXtd4M8cvJXd;,0,,,,,2024-12-11,2024-12-11,Ancient Western Asia,0.7884667957867586,0.7884667957867586,0.07054702909670997,0.04874158373954507,0.0,0.061485942790710534,0.018113426389695805,0.012645222196580088
31154068976966,Book,,GT3288.A2 H47 2023,NYU Inst Study Ancient World,Large Collection,9998698854707876,Breaking the dšr.t-vessels : an ancient Egyptian fragmentation rite /,1803275871; 9781803275871,,"Hertel, Elena L., author.",Archaeopress Publishing,"Summertown, Oxford :",[2023],"Funeral rites and ceremonies, Ancient--Egypt.; Pottery, Egyptian.; Egypt--History--Old Kingdom, ca. 2686-ca. 2181 B.C.; Ancient Egypt (region); Egypt.; Funérailles--Rites et cérémonies--Histoire--Jusqu'à 500--Égypte.; Égypte--Histoire--ca 2780-ca 2280 av. J.-C. (Ancien Empire)",https://pleiades.stoa.org/places/981503; http://vocab.getty.edu/tgn/7016833;,,0,,,,,2024-12-11,2024-12-11,Ancient Western Asia,0.26156847590316384,0.26156847590316384,0.0,0.17120845695479817,0.20178139569672643,0.21597397092921788,0.14946770051609365,0.0
31154068976974,Book,,BX134.E3 D38 2004,NYU ISAW Offsite,Offsite Collection,990000477010107876,The early Coptic papacy : the Egyptian church and its leadership in late antiquity /,9789774248306; 9774248309; 9774168348; 9789774168345,,"Davis, Stephen J., author.",American University in Cairo Press,Cairo ; New York :,[2004],"Church history.; Coptic fathers of the church.; Coptic monasticism and religious orders.; Coptic Church; church history.; Church history; Coptic Christian saints; Coptic fathers of the church; Coptic monasticism and religious orders; Egypt; History; 11.53 Eastern Churches.; Coptic church.; Patriarchs (canonical law); 0-500.; Coptic Church--Egypt--History.; Christianity--Egypt--History.; Fathers of the church, Coptic.; Coptic Christian saints.; Monasticism and religious orders, Coptic.; Église--Histoire.; Pères de l'Église coptes.; Saints coptes.; Monachisme et ordres religieux coptes.",,https://id.oclc.org/worldcat/entity/E39QbtfRDwpX7XgppvP7ww3J9c,0,,,,,2024-12-12,2025-02-11,Ancient Western Asia,0.5217991240632208,0.5217991240632208,0.03144771506631019,0.0,0.0,0.09232356716714918,0.33544229404064196,0.01898729966267785
31154068976982,Book,,PJ5207 .E98 1890,NYU Inst Study Ancient World,Oversize Collection,9998699455007876,Tabula scripturae Aramaicae /,,,"Euting, Julius, 1839-1913.",publisher not identified,Argentorati [France] :,1890.,Aramaic language--Writing.; Middle East.; Araméen (Langue)--Écriture.,http://vocab.getty.edu/tgn/7001526,,0,,,,,2024-12-12,2024-12-13,Ancient Western Asia,0.8340838130507449,0.8340838130507449,0.022155351284160407,0.0,0.06076896352226855,0.06504323312781038,0.017948639015016025,0.0
31154068976990,Book,,DS33.5 .B78 2024,NYU Inst Study Ancient World,Large Collection,9998689104007876,Silk Roads /,0295753536; 9780295753539,,"Brunning, Sue, author.",University of Washington Press,Seattle :,2024.,Silk Road--Antiquities--Exhibitions.; Silk Road--History--Exhibitions.; Eurasia--Antiquities--Exhibitions.; Trade routes--Eurasia--History--Exhibitions.; exhibition catalogs.; Exhibition catalogs.; Catalogues d'exposition.; Silk Road.; Route de la soie--Histoire--Expositions.; Routes commerciales--Eurasie--Histoire--Expositions.,http://vocab.getty.edu/tgn/7031416;,,1,,,,,2024-12-13,2024-12-13,Central Asia & Siberia,0.8859611770128368,0.0,0.8859611770128368,0.03221677007319407,0.021608809195435046,0.0406404209638916,0.011214698443200466,0.008358124311441856
31154068989472,Book,,DS73.87 .I26 2018,NYU Inst Study Ancient World,Large Collection,990064343360107876,"I am Ashurbanipal : king of the world, king of Assyria /",0500480397; 9780500480397; 0500480443; 9780500480441,,,In collaboration with the British Museum; Thames & Hudson,"New York, New York : London, England :",2018.,"Ashurbanipal,--King of Assyria,--active 668 B.C.-627 B.C.--Exhibitions.; Assyria--History--Exhibitions.; Assyria--Civilization--Exhibitions.; Assyria--Antiquities--Exhibitions.; Ashurbanipal,--King of Assyria,--active 668 B.C.-627 B.C.; Antiquities; Civilization; Middle East--Assyria; exhibition catalogs.; Exhibition catalogs; History; Exhibition catalogs.; HISTORY--Asia--General.; Assyria (kingdom); Catalogues d'exposition.; Ashurbanipal (Re di Assiria)--Cataloghi di esposizioni.; Arte assiro-babilonese--Cataloghi di esposizioni.; Art and Design.; Assyrie--Antiquités--Expositions.",https://pleiades.stoa.org/places/29492;,,0,,,,,2024-12-05,2024-12-05,Ancient Western Asia,0.7656397885213475,0.7656397885213475,0.10208530513617968,0.03712192914042897,0.024898854911263334,0.04682812162210077,0.013795311504889145,0.009630689163790535
31154068989480,Book,,DG314 .D66 2012,NYU ISAW Offsite,Offsite Collection,9998696505807876,L'empereur Maxence /,887228662X; 9788872286623,,"Donciu, Ramiro, 1957- author.",Edipuglia,Bari :,2012.,"Emperors--Rome--Biography.; Rome--History--Empire, 284-476.; Maxentius, Marcus Aurelius Valerius,--Emperor of Rome,---312; Emperors; Rome (Empire); 284 - 476; collective biographies.; Biographies; History; Maxentius--Römisches Reich, Kaiser--278-312; Maxentius, Marcus Aurelius Valerius,--Emperor of Rome,---312.; Biographies.; Roman Empire.; Empereurs--Rome--Biographies.; Rome--Histoire--284-476 (Bas-Empire)",http://vocab.getty.edu/tgn/7030347;,,0,,,,,2024-12-05,2025-02-11,European and Classical Antiquity,1.0,0.0,0.0,0.0,0.0,0.0,1.0,0.0
31154068989498,Book,,PA6041 .C36 2016,NYU Inst Study Ancient World,Small Collection,9998696505707876,Studies in late Roman literature and history /,8872287928; 9788872287927,,"Cameron, Alan, 1938-2017, author.",Edipuglia,Bari :,2016.,"Latin literature; Rome (Empire); 284-476; History; Criticism, interpretation, etc.; Latin literature--History and criticism.; Rome--History--Empire, 284-476.; Roman Empire.; Littérature latine--Histoire et critique.; Rome--Histoire--284-476 (Bas-Empire)",http://vocab.getty.edu/tgn/7030347;,,0,,,,,2024-12-05,2024-12-05,European and Classical Antiquity,0.870786739207872,0.054424171200492,0.013606042800123,0.0,0.02123870095628956,0.03994434583522349,0.870786739207872,0.0
31154068989506,Book,,CJ969 .C35 2010,NYU Inst Study Ancient World,Small Collection,9998696503907876,La monnaie dans l'antiquité tardive : trente-quatre études de 1972 à 2002 /,8872284627; 9788872284629,,"Callu, Jean-Pierre, 1929-2014.",Edipuglia,Bari :,2010.,"Coins, Roman--History.; Coins, Byzantine--History.; Coins, Byzantine; Coins, Roman; History; Monedes antigues.; Coins, Roman--History; Coins, Byzantine--History; Byzantine Empire.; Roman Empire.; Monnaies romaines--Histoire.; Monnaies byzantines--Histoire.",http://vocab.getty.edu/tgn/7024407; http://vocab.getty.edu/tgn/7030347,,0,,,,,2024-12-05,2024-12-05,European and Classical Antiquity,0.8678056926490494,0.07889142660445904,0.013559463947641397,0.03155657064178361,0.0,0.0,0.8678056926490494,0.008186846157066503
31154068989514,Book,,CN1170 .C43 2023,NYU Inst Study Ancient World,Small Collection,9998696503807876,Ancient Indian epigraphy /,9395626461; 9789395626460,,"Chandrachud, Bhaskar, author.",Edukeen Publisher,"Delhi, India :",[2023],"Inscriptions, Indic.; Inscriptions--India--History.; India--Antiquities.; India.; Inde--Antiquités.",https://pleiades.stoa.org/places/50004.;,,0,,,,,2024-12-05,2024-12-05,"China, South Asia, & East Asia",0.9147100633342146,0.0,0.014292344739597103,0.9147100633342146,0.0,0.041959177217165806,0.029038414709022683,0.0
31154068989522,Book,,DS407 .R45 2023,NYU ISAW Offsite,Offsite Collection,9998696503707876,"Relocating the past : aspects of Indian history, culture and archaeology : a felicitation volume in honour of professor Lakshmi Narayan Raut /",8180904083; 9788180904080,,,Bharatiya Kala Prakashan,"Delhi, India :",2023.,India--Civilization.; India--Antiquities.; India--Politics and government.; Antiquities; Civilization; Politics and government; India; India.; Inde--Civilisation.; Inde--Antiquités.; Inde--Politique et gouvernement.,https://pleiades.stoa.org/places/50004;,https://id.oclc.org/worldcat/entity/E39PBJmdx47cDXrRhBXHtbvPwC;,0,,,,,2024-12-05,2025-02-11,"China, South Asia, & East Asia",0.8117648666222526,0.050735304163890785,0.08760976612291299,0.8117648666222526,0.0,0.037236920487259295,0.010275504640788007,0.002377637962896287
31154068989530,Book,,DS486.P267 K75 2023,NYU Inst Study Ancient World,Small Collection,9998696503607876,Archaeology matters : a field-based narrative of Pattanam excavations and looking ahead /,8196983891; 9788196983895,,"Krishnan, Dineesh, author.",Kerala Council for Historical Research,"Thiruvananthapuram, Kerala :",December 2023.,Pattanam (India)--Antiquities.; Excavations (Archaeology)--India--Pattanam.; Pattanam.,http://vocab.getty.edu/tgn/8698095,,0,,,,,2024-12-05,2024-12-05,"China, South Asia, & East Asia",0.5823575501291898,0.24157053931284908,0.12153548872261351,0.5823575501291898,0.0,0.042741838541591914,0.011794583293755743,0.0
31154068989548,Book,,DS486.M36 E93 2008,NYU Inst Study Ancient World,Small Collection,9998696503507876,"Excavations of archaeological sites in Tamil Nadu, Mankulam excavation, 2007 /",,,,Tamil Nadu State Dept of Archaeology,Chennai :,2008.,"Mankulam Site (India); Madurai (India : District)--Antiquities.; Excavations (Archaeology)--India--Madurai (District); Inscriptions, Tamil--India--Madurai (District); Antiquities; Excavations (Archaeology); Inscriptions, Tamil; India--Madurai (District); India--Mankulam Site; Kalugumalai, Mangulam.; Fouilles (Archéologie)--Inde--Madurai (District)",https://pleiades.stoa.org/places/544503271,https://id.oclc.org/worldcat/entity/E39PBJjhB34CqVRJypYbRMvfv3;,0,,,,,2024-12-05,2024-12-05,"China, South Asia, & East Asia",0.6905009983501366,0.17901877735003538,0.09006534761088737,0.6905009983501366,0.0,0.03167435772248333,0.008740518966457424,0.0
31154068989555,Book,,DS486.S5795 T49 2021,NYU Inst Study Ancient World,Small Collection,9998696503407876,Excavation at Siyapur /,938938107X; 9789389381078,,"Tewari, D. P. 1959- author. (Devi Prasad),",Aayu Publications,New Delhi :,2021.,Excavations (Archaeology)--India--Siyapur.; Siyapur (India)--Antiquities.; Antiquities; Excavations (Archaeology); Siyapur.,https://pleiades.stoa.org/places/35745675,,0,,,,,2024-12-05,2024-12-05,"China, South Asia, & East Asia",0.5993542049119733,0.2486210035190408,0.09589667278591574,0.5993542049119733,0.0,0.043989299443080616,0.012138819339989334,0.0
31154068989563,Book,,NA335.T9 Q38 2024,NYU Inst Study Ancient World,Large Collection,9998693722307876,Die Architektur des römischen Kleinasien /,3851613120; 9783851613124; 9783851613131; 3851613139,,"Quatember, Ursula, author.",Phoibos Verlag,Wien :,2024.,"Architecture, Roman--Turkey.; Architecture, Roman; Turkey; Asia Minor.",https://pleiades.stoa.org/places/837,https://id.oclc.org/worldcat/entity/E39PBJxmHG9jJjCTM3y4pFRqcP;,0,,,,,2024-12-05,2024-12-05,European and Classical Antiquity,0.77883490849322,0.07080317349938364,0.012169295445206563,0.028321269399753456,0.03337863893542371,0.02781553244618643,0.77883490849322,0.04867718178082625
31154068989589,Book,,DS485.N35 L36 2024,NYU Inst Study Ancient World,Small Collection,9998699354807876,"Archaeological excavation at Rukhaeogarh, Nalanda (Bihar) /",9395276398; 9789395276399,,"Lāmā, Jī. Ke., 1964- author.",Prachya Vidya Bhawan,Varanasi :,2024.,Excavations (Archaeology)--India--Nālandā (District); Nālandā (India : District)--Antiquities.; Buddhist antiquities--India--Nālandā (District); Hindu antiquities--India--Nālandā (District); Rukhaegarh.; Nālanda.; Fouilles (Archéologie)--Inde--Nālandā (District); Antiquités bouddhiques--Inde--Nālandā (District); Antiquités hindoues--Inde--Nālandā (District),https://pleiades.stoa.org/places/12874648; http://vocab.getty.edu/tgn/7555131,,0,,,,,2024-12-12,2024-12-12,"China, South Asia, & East Asia",0.8163665987231346,0.05102291242019591,0.08228259382372677,0.8163665987231346,0.0,0.037448009115740116,0.010333754414216892,0.0025461315029856055
31154068989605,Book,,DS485.B47 S27 2024,NYU ISAW Offsite,Offsite Collection,9998699354707876,A study on the historical and archaeological sites of North Bengal /,9392816790; 9789392816796,,"Sarkar, Rajib, author.",Abhijeet Publications,New Delhi :,"February, 2024.",Historic sites--India--Bengal.; Sacred space--India--Bengal.; Bengal (India)--Antiquities.; Bengal (India)--History.; India.; Bengal.,https://pleiades.stoa.org/places/50004; http://vocab.getty.edu/tgn/7547215,,0,,,,,2024-12-12,2025-02-11,"China, South Asia, & East Asia",0.7414461763945939,0.067404197854054,0.1482892352789188,0.7414461763945939,0.0,0.02648022058552121,0.009385394637906252,0.0069947752490056025
31154068989613,Book,,KNS122 .K86 2024,NYU ISAW Offsite,Offsite Collection,9998699354607876,"Ancient Indian law : its implementation, rights, and protection /",9391520278; 9789391520274,,"Kumari, Krishna (Historian), author.",Prashant Publishing House,Delhi :,2024.,"Law--India--History.; Hindu law.; Law, Ancient.; India.; Droit--Inde--Histoire.; Droit hindou.; Droit ancien.",https://pleiades.stoa.org/places/50004,,0,,,,,2024-12-12,2025-02-11,"China, South Asia, & East Asia",0.562496523335373,0.0,0.2416977248706681,0.562496523335373,0.0,0.0,0.19580575179395895,0.0
31154068989621,Book,,DF521 .D34 2012,NYU ISAW Offsite,Offsite Collection,9998699354507876,Idées byzantines /,2916716327; 9782916716329; 2916716378; 9782916716374; 2916716386; 9782916716381,,"Dagron, Gilbert, author.",Association des amis du Centre d'histoire et civilisation de Byzance,Paris :,2012.,Civilization; Byzantine Empire; Byzantine Empire--Civilization.; Byzantine Empire--History.; Byzantine Empire.; Empire byzantin--Civilisation.,http://vocab.getty.edu/tgn/7024407;,,0,t.2,,,,2024-12-12,2025-02-11,European and Classical Antiquity,0.9037227214377408,0.08215661103979462,0.0141206675224647,0.0,0.0,0.0,0.9037227214377408,0.0
31154068989639,Book,,DF521 .D34 2012,NYU ISAW Offsite,Offsite Collection,9998699354507876,Idées byzantines /,2916716327; 9782916716329; 2916716378; 9782916716374; 2916716386; 9782916716381,,"Dagron, Gilbert, author.",Association des amis du Centre d'histoire et civilisation de Byzance,Paris :,2012.,Civilization; Byzantine Empire; Byzantine Empire--Civilization.; Byzantine Empire--History.; Byzantine Empire.; Empire byzantin--Civilisation.,http://vocab.getty.edu/tgn/7024407;,,0,t.1,,,,2024-12-12,2025-02-11,European and Classical Antiquity,0.9037227214377408,0.08215661103979462,0.0141206675224647,0.0,0.0,0.0,0.9037227214377408,0.0
31154068989647,Book,,BR238 .A99 2007,NYU ISAW Offsite,Offsite Collection,9998699354207876,L'histoire des iconoclastes /,2916716076; 9782916716077,,"Auzépy, Marie-France, author.",Association des amis du Centre d'histoire et civilisation de Byzance,Paris :,2007.,"Icons--Cult--History of doctrines--Middle Ages, 600-1500.; Church history--Middle Ages; Iconoclasm; Byzantine Empire; 600-1500; Church history; Bildersturm; Byzantinisches Reich; Iconoclasm--Byzantine Empire.; Church history--Middle Ages, 600-1500.; Byzantine Empire--Church history.; Byzantine Empire.; Iconoclasme--Empire byzantin.; Église--Histoire--600-1500 (Moyen Âge); Icônes--Culte--Histoire des doctrines--600-1500 (Moyen Âge); Aufsatzsammlung.",http://vocab.getty.edu/tgn/7024407,,0,,,,,2024-12-12,2025-02-11,European and Classical Antiquity,0.6084424495308545,0.3579073232534438,0.0,0.0,0.0,0.027910204106919932,0.6084424495308545,0.0057400231087816455
31154068989654,Book,,Z6 .I75 2023,NYU ISAW Offsite,Offsite Collection,9998699354107876,La fabrique du livre à Byzance /,2916716912; 9782916716916,,"Irigoin, Jean, author.",Association des amis du Centre d'histoire et de civilisation de Byzance,Paris :,2023.,"Books--Greece--History--400-1450.; Books--Byzantine Empire--History.; Paleography, Byzantine.; Paleography, Greek.; Books; Paleography, Byzantine; Paleography, Greek; Byzantine Empire; Greece; 400-1450; History; Byzantine Empire.; Livres--Grèce--Histoire--400-1450.; Livres--Empire byzantin--Histoire.; Paléographie byzantine.; Paléographie grecque.",http://vocab.getty.edu/tgn/7024407,https://id.oclc.org/worldcat/entity/E39PBJxd6hw8HtWYq9JY6hjjYP;,1,,,,,2024-12-12,2025-02-11,European and Classical Antiquity,0.7418463876355335,0.1923305449425457,0.0,0.0,0.03179341661295143,0.03402965080896942,0.7418463876355335,0.0
31154068989662,Book,,NA324 .S43 2006,NYU ISAW Offsite,Offsite Collection,9998699354007876,Ville residenziali nell'Italia tardoantica /,8872284759; 9788872284759,,"Sfameni, Carla, author.",Edipuglia,Bari :,2006.,"Architecture, Domestic; Architecture, Roman; Excavations (Archaeology); Italy; Arquitectura domèstica--Itàlia.; Arquitectura romana--Itàlia.; Excavacions arqueològiques--Itàlia.; Architecture, Domestic--Italy.; Architecture, Roman--Italy.; Excavations (Archaeology)--Italy.; Italia.; Architecture romaine--Italie.",https://pleiades.stoa.org/places/1052,https://id.oclc.org/worldcat/entity/E39PBJvd8mVMcRhwVmbtcqCPcP;,0,,,,,2024-12-12,2025-02-11,European and Classical Antiquity,0.8124116230502637,0.07385560209547852,0.01269393161016037,0.029542240838191406,0.034817640987868444,0.029014700823223705,0.8124116230502637,0.0076642605948138084
31154068989670,Book,,DS425 .I58 2021,NYU Inst Study Ancient World,Large Collection,9998699353807876,Research on Indus civilization in the wake of hundred years of excavation at Harappa /,9356272670; 9789356272675; 9789356028869; 9356028869,,International Webinar on the Indus Civilization Online) (2021 :,Department of Archaeology University of Kerala,"Thiruvananthapuram, Kerala, India :",2023.,Indus civilization--Congresses.; Excavations (Archaeology)--India--Gujarat--Congresses.; Gujarat (India)--Antiquities--Congresses.; Gujarat.; Civilisation de l'Indus--Congrès.; Fouilles (Archéologie)--Inde--Gujarāt--Congrès.,http://vocab.getty.edu/tgn/7573040,,0,,,,,2024-12-12,2024-12-12,"China, South Asia, & East Asia",0.6860320753976619,0.1778601676956901,0.08948244461708633,0.6860320753976619,0.0,0.031469361256773486,0.008683950321489392,0.006472000711298697
31154068989688,Book,,GN778.32.N4 M54 2024,NYU Inst Study Ancient World,Large Collection,9998683402107876,"Migration and mobility in the ancient Near East and Egypt : the Crossroads IV : proceedings of an international conference held in Prague, September 19-22, 2022 /",1957454105; 9781957454108; 9781957454115; 1957454113,,,Lockwood Press,"Columbus, GA :",2024.,Bronze age--Middle East--Congresses.; Human beings--Migrations--Congresses.; Bronze age--Egypt--History--Congresses.; Middle East--History--To 622--Congresses.; Egypt--History--To 332 B.C.--Congresses.; Middle East--Antiquities--Congresses.; Egypt--Antiquities--Congresses.; Ancient Egypt (region); Middle East.; Egypt.; Êtres humains--Migrations--Congrès.; Moyen-Orient--Histoire--Jusqu'à 622--Congrès.; Égypte--Histoire--Jusqu'à 332 av. J.-C.--Congrès.; Moyen-Orient--Antiquités--Congrès.; Égypte--Antiquités--Congrès.,https://pleiades.stoa.org/places/981503; http://vocab.getty.edu/tgn/7001526; http://vocab.getty.edu/tgn/7016833;,,0,,,,,2024-12-12,2024-12-12,Ancient Western Asia,0.45067436767552616,0.45067436767552616,0.22673679367526473,0.0,0.07449923220758699,0.0797392393659188,0.023490748894284187,0.14485961818141913
31154068989696,Book,,DF235 .S83 2024,NYU Inst Study Ancient World,Small Collection,9998699353707876,Agir et subir : femmes et familles face aux mutations de l'epoque hellenistique /,9782251455693; 2251455698,,"Stavrianoloulou, Eftychia, autor",Les Belles Lettres,Paris :,2024.,Sex role--Greece--To 146 B.C.; Families--Greece.; Women--Greece--Social conditions--To 146 B.C.; Greece--Social conditions--To 146 B.C.; Women--Greece--Social conditions.; Families; Sex role; Social conditions; Women--Social conditions; Greece; To 146 B.C.; Hellas.; Femmes--Grèce--Jusqu'à 395.; Greece.; Femmes--Grèce--Conditions sociales.; Grèce--Conditions sociales--Jusqu'à 146 av. J.-C.; Familles--Grèce.,https://pleiades.stoa.org/places/696690497; http://vocab.getty.edu/tgn/1000074;,https://id.oclc.org/worldcat/entity/E39PBJxd6hw8HtWYq9JY6hjjYP;,0,,,,,2024-12-12,2024-12-12,European and Classical Antiquity,0.9615243679003298,0.0,0.015023818248442653,0.0,0.023451813851227556,0.0,0.9615243679003298,0.0
31154068989704,Book,,T27.I4 F67 2016,NYU Inst Study Ancient World,Small Collection,9998699344207876,Forays into ancient Indian science and technology /,,,,IFHE Publishers,"Kanpur, India :",2016.,"Technology--India--History.; Engineering--India--History.; Science--India--History.; Science, Ancient.; India.; Technologie--Inde--Histoire.; Ingénierie--Inde--Histoire.; Sciences--Inde--Histoire.; Sciences anciennes.",https://pleiades.stoa.org/places/50004,,0,,,,,2024-12-19,2024-12-19,Cross-Cultural Studies & Other,0.9532689776217639,0.0,0.0,0.03466432645897323,0.9532689776217639,0.0,0.012066695919262833,0.0
31154068989712,Book,,T27.I4 T43 2023,NYU ISAW Offsite,Offsite Collection,9998699344107876,Technological evolution of Indian knowledge systems in ancient India /,9363810720; 9789363810723,,,Shubham Publications,"Kanpur, U.P. :",2023.,Science--India--History.; Technology--India--History.; Technological innovations--India.; India.; Sciences--Inde--Histoire.; Technologie--Inde--Histoire.; Innovations--Inde.,https://pleiades.stoa.org/places/50004,,0,,,,,2024-12-19,2025-02-11,Cross-Cultural Studies & Other,0.9209898786497801,0.0,0.0,0.05860844682316783,0.9209898786497801,0.0,0.02040167452705209,0.0
31154068989720,Book,,DS485.K4 C66 2016,NYU Inst Study Ancient World,Small Collection,9998699344007876,A compendium of information on protected archaeological monuments in Kerala /,,,,Government of Kerala Department of Archaeology Publication Division,Thiruvananthapuram :,"March, 2016.",Monuments--India--Kerala.; Hindu temples--India--Kerala.; Kerala (India)--Antiquities.; Kerala.; Monuments--Inde--Kerala.; Temples hindous--Inde--Kerala.,http://vocab.getty.edu/tgn/1001886,,0,,,,,2024-12-19,2024-12-19,"China, South Asia, & East Asia",0.7537934410181105,0.06852667645619187,0.15075868820362212,0.7537934410181105,0.0,0.026921194322075372,0.0,0.0
31154068989738,Book,,DT60 .C68 2024,NYU ISAW Offsite,Offsite Collection,9998699343907876,Les voies ouvertes à l'égyptologie /,2722606453; 9782722606456,,"Coulon, Laurent, 1970- author.",Collège de France éditions,Paris :,[2024],Egyptology.; Egypt--Civilization--To 332 B.C.; Ancient Egypt (region); Egypt.; Égyptologie.,https://pleiades.stoa.org/places/981503; http://vocab.getty.edu/tgn/7016833,,0,,,,,2024-12-19,2025-02-11,Egypt & North Africa,0.964275081869604,0.0,0.0,0.0,0.023518904435844,0.964275081869604,0.012206013694551949,0.0
31154068989746,Book,,PJ1809 .D46 2024,NYU Inst Study Ancient World,Small Collection,9998699343807876,Demotic funerary stelae and other short texts gathered from many publications : (Short texts IV 2351-2880) /,9042953063; 9789042953062; 9789042953079; 9042953071,,,Peeters,"Leuven ; Paris ; Brostol, CT :",2024.,"Inscriptions, Egyptian.; Stele (Archaeology)--Egypt.; Egypt.; Inscriptions égyptiennes.; Stèles (Archéologie)--Égypte.",http://vocab.getty.edu/tgn/7016833,,0,,,,,2024-12-19,2024-12-19,Egypt & North Africa,0.9166666666666667,0.08333333333333334,0.0,0.0,0.0,0.9166666666666667,0.0,0.0
31154068989753,Book,,DS485.A87 P73 2024,NYU Inst Study Ancient World,Small Collection,9998699343707876,Pragjyotisha-Kamarupa : an archaeological history /,8196827474; 9788196827472,,,Research India Press in association with Intellectual Forum of North East (IFNE) Guwahati,New Delhi :,2024.,"Excavations (Archaeology)--India--Assam.; Sculpture, Indic--India--Assam.; Assam (India)--Antiquities.; Assam.; Kamarupa.; Fouilles (Archéologie)--Inde--Assam.; Sculpture de l'Inde--Inde--Assam.",http://vocab.getty.edu/tgn/1001832; http://vocab.getty.edu/tgn/6002927,,0,,,,,2024-12-19,2024-12-19,"China, South Asia, & East Asia",0.879243658645372,0.04884686992474289,0.02044752694524121,0.879243658645372,0.0,0.04033227791951248,0.011129666565131292,0.0
31154068989761,Book,,BL2450.B48 U53 2024,NYU Inst Study Ancient World,Small Collection,9998699343607876,Under the spell of Bes /,1912246252; 9781912246250,,,Abercromby Press,Wallasey :,[2024],Bes (Egyptian deity); Egypt--Antiquities.; Ancient Egypt (region); Egypt.; Bès (Divinité égyptienne); Égypte--Antiquités.,https://pleiades.stoa.org/places/981503; http://vocab.getty.edu/tgn/7016833;,,2,,,,,2024-12-19,2024-12-19,Egypt & North Africa,0.8521757843122185,0.0,0.0,0.030988210338626126,0.03652181932766651,0.8521757843122185,0.02705319950197519,0.05326098651951366
31154068989779,Book,,DT73.D33 P65 2024,NYU Inst Study Ancient World,Large Collection,9998699343507876,"Rocks in motion : Dakhleh Oasis petroglyphs in the context of paths, roads and mobility /",1789259754; 9781789259759,,"Polkowski, Paweł Lech, author.",Oxbow Books,Oxford ; Philadelphia :,2024.,"Excavations (Archaeology)--Egypt--Dakhla Oasis.; Petroglyphs--Egypt--Dakhla Oasis.; Rock paintings--Egypt--Dakhla Oasis.; Migration, Internal, in art.; Dakhla Oasis (Egypt)--Antiquities.; Esotero (Oasis); Fouilles (Archéologie)--Égypte--Dakhla.; Pétroglyphes--Égypte--Dakhla.; Migration intérieure dans l'art.",https://pleiades.stoa.org/places/776172,,0,,,,,2024-12-19,2024-12-19,Egypt & North Africa,0.972494710521254,0.0,0.015195229851894594,0.0,0.0,0.972494710521254,0.012310059626851317,0.0
31154068989787,Book,,DC63 .A85 2023,NYU Inst Study Ancient World,Large Collection,9998699343407876,"Atlas des productions céramiques en territoire des Ménapiens, Atrébates et Nerviens /",2355181330; 9782355181337,,,Éditions Mergoil,Drémil-Lafage :,2023.,"Pottery, Gallo-Roman--Maps.; Gaul--Antiquities, Roman--Maps.; Hauts-de-France (France)--Antiquities, Roman--Maps.; Belgium--Antiquities, Roman--Maps.; Europe--Gaul; Ceramics; Potters; Menapii; Atrebates (Celtic people); Excavations (Archaeology); Iron age; Civilization, Ancient; History; Gallia.; Belgium.; Hauts-de-France.",https://pleiades.stoa.org/places/993; http://vocab.getty.edu/tgn/1000063; http://vocab.getty.edu/tgn/8711851,https://id.oclc.org/worldcat/entity/E39PBJktkDWC7G8VyHQCpvBByd;,0,,,,,2024-12-19,2025-02-25,European and Classical Antiquity,0.9447490510333192,0.0,0.014761703922395612,0.0,0.04048924504428511,0.0,0.9447490510333192,0.0
31154068989803,Book,,CB311 .B74 2000,NYU Inst Study Ancient World,Small Collection,9998699342907876,The breakout : the origins of civilization /,9780873659109; 0873659104,,,Peabody Museum of Archaeology and Ethnology Harvard University,"Cambridge, Mass. :",2000.,"Civilization; Civilization, Ancient; History; Civilization, Ancient.; Civilization--History.; Old World.; Civilisation ancienne.; Civilisation--Histoire.",,https://www.wikidata.org/entity/Q174807,0,,,,,2024-12-19,2024-12-19,Cross-Cultural Studies & Other,0.5864326467990121,0.07604554824929707,0.013070328605347934,0.030418219299718826,0.5864326467990121,0.029875036812223848,0.26415822023440033,0.0
31154068989811,Book,,DT56.9 .S54 2015,NYU Inst Study Ancient World,Large Collection,9998702150107876,Babylon of Egypt : the archaeology of old Cairo and the origins of the city /,9789774167317; 9774167317,,"Sheehan, Peter, author.",American University in Cairo Press,Cairo ; New York :,2015.,Egypt--History--640-1250.; Egypt; 640-1250; History; Babylon.; Ancient Egypt (region); Cairo.; Egypt.; Égypte--Histoire--640-1250.,https://pleiades.stoa.org/places/727082; https://pleiades.stoa.org/places/981503; http://vocab.getty.edu/tgn/7001215; http://vocab.getty.edu/tgn/7016833;,https://id.oclc.org/worldcat/entity/E39QbtfRDwpX7XgppvP7ww3J9c;,0,,,,,2024-12-19,2025-01-09,Egypt & North Africa,0.9761904761904762,0.0,0.0,0.0,0.023809523809523808,0.9761904761904762,0.0,0.0
31154069035788,Issue,,DT57 .S62,NYU Inst Study Ancient World,Oak Collection,990021661780107876,The SSEA journal.,,0704-9439,Society for the Study of Egyptian Antiquities.,Society for the Study of Egyptian Antiquities,Toronto :,1977,Society for the Study of Egyptian Antiquities--Periodicals.; Egypt--Antiquities--Periodicals.; Society for the Study of Egyptian Antiquities; Antiquities; Egypt; Periodicals; 15.51 Antiquity.; Ancient Egypt (region); Egypt.; Égypte--Antiquités--Périodiques.,https://pleiades.stoa.org/places/981503; http://vocab.getty.edu/tgn/7016833;,https://id.oclc.org/worldcat/entity/E39QbtfRDwpX7XgppvP7ww3J9c;,0,v.50(2023-2024),,,,2024-12-02,2024-12-02,Egypt & North Africa,0.9761904761904762,0.0,0.0,0.0,0.023809523809523808,0.9761904761904762,0.0,0.0
31154069035796,Book,,GV1312 .G365 2024,NYU Inst Study Ancient World,Large Collection,9998695729307876,"Games in the ancient world : places, spaces, accessories /",2355181454; 9782355181450,,,Éditions Mergoil,Drémil-Lafage :,2024.,Board games--Mediterranean Region--History.; Mediterranean Region--Antiquities.; Antiquities; Board games; Mediterranean Region; History; Internum Mare.,https://pleiades.stoa.org/places/1043,,0,,,,,2024-12-04,2024-12-04,European and Classical Antiquity,0.7516234740728996,0.0,0.03718970314423202,0.0,0.10200604290989354,0.10918077987297474,0.7516234740728996,0.0
31154069035804,Book,In Process,DF209.5 .P53,NYU Inst Study Ancient World,Small Collection,990019647280107876,Epigraphica /,9789004044883; 9004044884,,,E J Brill,Leiden :,1964-1976.,"Inscriptions, Greek.; Inscriptions, Greek; Greece; History; Sources; Inscriptions, Greek--Greece.; Greece--History--Sources.; Hellas.; Greece (ancient); Greece.; Grèce--Histoire--Sources.; Inscriptions grecques.",https://pleiades.stoa.org/places/696690497; http://vocab.getty.edu/tgn/7594735; http://vocab.getty.edu/tgn/1000074;,https://id.oclc.org/worldcat/entity/E39PBJxd6hw8HtWYq9JY6hjjYP;,0,v.1-3:1964-1976,,,,2024-12-04,2024-12-04,European and Classical Antiquity,0.9447490510333192,0.0,0.014761703922395612,0.0,0.04048924504428511,0.0,0.9447490510333192,0.0
31154069035812,Book,In Process,CN440 .W56 1946,NYU Inst Study Ancient World,Small Collection,9998695728707876,Aigyptiaka /,,,"Wilhelm, Adolf, 1864-1950.",In Kommission bei RM Rohrer,"Wien,",1946-,"Inscriptions, Greek--Egypt.; Sepulchral monuments--Egypt.; Inscriptions, Greek; Sepulchral monuments; Egypt; Ägypten--Altertum; Ancient Egypt (region); Inscriptions grecques--Égypte.",https://pleiades.stoa.org/places/981503,https://id.oclc.org/worldcat/entity/E39QbtfRDwpX7XgppvP7ww3J9c;,0,T.1,,,,2024-12-04,2024-12-04,Egypt & North Africa,0.8002004172419724,0.0,0.014277579538793649,0.03322782147210158,0.0,0.8002004172419724,0.15229418174713225,0.0
31154069035820,Book,,PJ3711 .B4 1933a,NYU Inst Study Ancient World,Small Collection,9998696303107876,Die lexikalischen Tafelserien der Babylonier und Assyrer in den Berliner Museen /,,,Staatliche Museen zu Berlin (Germany). Vorderasiatische Abteilung.,Dieterische Universitätsbibliothek von WF Kästner,Berlin :,1933.,Akkadian language--Texts.; Cuneiform inscriptions.; Sumerian language--Texts.; Akkadian language; Sumerian language; Texts; Akkadian language--Texts; Cuneiform inscriptions; Sumerian language--Texts; Mesopotamia (region); Akkadien (Langue)--Textes.; Inscriptions cunéiformes.; Sumérien (Langue)--Textes.,https://pleiades.stoa.org/places/874602,,0,Bd.1,Tadmor,,,2024-12-05,2024-12-05,Ancient Western Asia,0.924248112154248,0.924248112154248,0.015961521673716454,0.0,0.0,0.04685951317054372,0.012930853001491811,0.0
31154069035838,Book,,PJ3711 .B4 1933a,NYU Inst Study Ancient World,Small Collection,9998696303107876,Die lexikalischen Tafelserien der Babylonier und Assyrer in den Berliner Museen /,,,Staatliche Museen zu Berlin (Germany). Vorderasiatische Abteilung.,Dieterische Universitätsbibliothek von WF Kästner,Berlin :,1933.,Akkadian language--Texts.; Cuneiform inscriptions.; Sumerian language--Texts.; Akkadian language; Sumerian language; Texts; Akkadian language--Texts; Cuneiform inscriptions; Sumerian language--Texts; Mesopotamia (region); Akkadien (Langue)--Textes.; Inscriptions cunéiformes.; Sumérien (Langue)--Textes.,https://pleiades.stoa.org/places/874602,,0,Bd.2,Tadmor,,,2024-12-05,2024-12-05,Ancient Western Asia,0.924248112154248,0.924248112154248,0.015961521673716454,0.0,0.0,0.04685951317054372,0.012930853001491811,0.0
31154069035846,Book,In Process,BL820.M6 L35 2020,NYU Inst Study Ancient World,Small Collection,990074676480107876,Athena Itonia : geography and meaning of an ancient Greek war goddess /,9004416404; 9789004416406; 9789004416390; 9004416390,,"Lalonde, Gerald V., 1938- author.",Brill,Leiden ; Boston :,[2020],"Athena--(Greek deity)--Cult.; Goddesses, Greek.; Religion and geography.; Greece--Religious life and customs.; Athena--(Greek deity); Cults; Greece; Athena--(Greek deity)--Cult; Goddesses, Greek; Religion and geography; Greece--Religious life and customs; Hellas.; Athéna,--divinité grecque--Culte.; Géographie religieuse--Grèce.; Guerre--Aspect religieux--Grèce--Antiquité.; Greece.; Déesses grecques.; Religion et géographie.",https://pleiades.stoa.org/places/696690497; http://vocab.getty.edu/tgn/1000074,https://id.oclc.org/worldcat/entity/E39PBJxd6hw8HtWYq9JY6hjjYP;,0,,,,,2024-12-09,2024-12-09,European and Classical Antiquity,0.8620519744200882,0.0,0.014355106373622603,0.03340824756043078,0.03937400605336485,0.04214343155558929,0.8620519744200882,0.008667234036904212
31154069035853,Book,,CC31 .I883 1991,NYU Inst Study Ancient World,Oversize Collection,9998698154107876,Seminari : anno 1990 /,,,Istituto per gli studi micenei ed egeo-anatolici (Italy),Istituto per gli Studi Micenei ed Egeo-Anatolici,[Roma] :,1991.,"Civilization, Mycenaean.; Middle East--History.; Civilization, Mycenaean; Middle East; History; Aegaeum Mare.; Asia Minor.; Middle East.; Civilisation mycénienne.; Moyen-Orient--Histoire.",https://pleiades.stoa.org/places/560221; https://pleiades.stoa.org/places/837; http://vocab.getty.edu/tgn/7001526;,,0,,,,,2024-12-09,2024-12-09,Cross-Cultural Studies & Other,0.7952147806803108,0.07229225278911916,0.04185340950949004,0.028916901115647663,0.7952147806803108,0.03647774223304178,0.025244913672390817,0.0
31154069035861,Book,,DS70.5.B3 K6 1914,NYU Inst Study Ancient World,Small Collection,9998698152007876,Das wieder Erstehende Babylon : die bisherigen Ergebnisse der deutschen Ausgrabungen /,,,"Koldewey, Robert, 1855-1925, author.",JC Hinrichs,Leipzig :,1914.,Excavations (Archaeology)--Iraq--Babylon (Extinct city); Babylon (Extinct city)--Antiquities.; Antiquities; Excavations (Archaeology); Iraq--Babylon (Extinct city); Ausgrabung; Babylon; Opgravingen.; Stedenbouw.; Babylon.; Fouilles (Archéologie)--Irak--Babylone (Ville ancienne),https://pleiades.stoa.org/places/893951,,0,,Biggs,,,2024-12-10,2024-12-10,Ancient Western Asia,0.8559231676340764,0.8559231676340764,0.045381002756667524,0.0344007397518002,0.0,0.043395428585986495,0.011974941052841841,0.00892472021862741
31154069035879,Bound Issue,In Process,CC9 .G46,NYU Inst Study Ancient World,Oak Collection,9998699455107876,Geo-archeologia.,,0390-2196,,Japadre,L'Aquila :,1973,Archaeology--Periodicals.; Geology--Periodicals.; Archaeology.; Geology.; Periodicals.; 15.30 archaeology: general.,,,0,1973-1977,,,,2024-12-12,2024-12-12,Cross-Cultural Studies & Other,0.8193260541003503,0.0744841867363955,0.012801969595317974,0.029793674694558195,0.8193260541003503,0.037583763949557356,0.026010350923820643,0.0
31154069035887,Bound Issue,In Process,CC9 .G46,NYU Inst Study Ancient World,Oak Collection,9998699455107876,Geo-archeologia.,,0390-2196,,Japadre,L'Aquila :,1973,Archaeology--Periodicals.; Geology--Periodicals.; Archaeology.; Geology.; Periodicals.; 15.30 archaeology: general.,,,0,1978-1981,,,,2024-12-12,2024-12-12,Cross-Cultural Studies & Other,0.8193260541003503,0.0744841867363955,0.012801969595317974,0.029793674694558195,0.8193260541003503,0.037583763949557356,0.026010350923820643,0.0
31154069035895,Bound Issue,In Process,CC9 .G46,NYU Inst Study Ancient World,Oak Collection,9998699455107876,Geo-archeologia.,,0390-2196,,Japadre,L'Aquila :,1973,Archaeology--Periodicals.; Geology--Periodicals.; Archaeology.; Geology.; Periodicals.; 15.30 archaeology: general.,,,0,1984-1985,,,,2024-12-12,2024-12-12,Cross-Cultural Studies & Other,0.8193260541003503,0.0744841867363955,0.012801969595317974,0.029793674694558195,0.8193260541003503,0.037583763949557356,0.026010350923820643,0.0
31154069035903,Issue,,CC9 .G46,NYU Inst Study Ancient World,Oak Collection,9998699455107876,Geo-archeologia.,,0390-2196,,Japadre,L'Aquila :,1973,Archaeology--Periodicals.; Geology--Periodicals.; Archaeology.; Geology.; Periodicals.; 15.30 archaeology: general.,,,0,1982:no.1,,,,2024-12-12,2024-12-12,Cross-Cultural Studies & Other,0.8193260541003503,0.0744841867363955,0.012801969595317974,0.029793674694558195,0.8193260541003503,0.037583763949557356,0.026010350923820643,0.0
31154069035911,Issue,,CC9 .G46,NYU Inst Study Ancient World,Oak Collection,9998699455107876,Geo-archeologia.,,0390-2196,,Japadre,L'Aquila :,1973,Archaeology--Periodicals.; Geology--Periodicals.; Archaeology.; Geology.; Periodicals.; 15.30 archaeology: general.,,,0,1982:no.2,,,,2024-12-12,2024-12-12,Cross-Cultural Studies & Other,0.8193260541003503,0.0744841867363955,0.012801969595317974,0.029793674694558195,0.8193260541003503,0.037583763949557356,0.026010350923820643,0.0
31154069035929,Issue,,CC9 .G46,NYU Inst Study Ancient World,Oak Collection,9998699455107876,Geo-archeologia.,,0390-2196,,Japadre,L'Aquila :,1973,Archaeology--Periodicals.; Geology--Periodicals.; Archaeology.; Geology.; Periodicals.; 15.30 archaeology: general.,,,0,1986:no.2,,,,2024-12-12,2024-12-12,Cross-Cultural Studies & Other,0.8193260541003503,0.0744841867363955,0.012801969595317974,0.029793674694558195,0.8193260541003503,0.037583763949557356,0.026010350923820643,0.0
31154069035937,Issue,,CC9 .G46,NYU Inst Study Ancient World,Oak Collection,9998699455107876,Geo-archeologia.,,0390-2196,,Japadre,L'Aquila :,1973,Archaeology--Periodicals.; Geology--Periodicals.; Archaeology.; Geology.; Periodicals.; 15.30 archaeology: general.,,,0,1988:no.1,,,,2024-12-12,2024-12-12,Cross-Cultural Studies & Other,0.8193260541003503,0.0744841867363955,0.012801969595317974,0.029793674694558195,0.8193260541003503,0.037583763949557356,0.026010350923820643,0.0
31154069035945,Issue,,CC9 .G46,NYU Inst Study Ancient World,Oak Collection,9998699455107876,Geo-archeologia.,,0390-2196,,Japadre,L'Aquila :,1973,Archaeology--Periodicals.; Geology--Periodicals.; Archaeology.; Geology.; Periodicals.; 15.30 archaeology: general.,,,0,1999:no.2,,,,2024-12-12,2024-12-12,Cross-Cultural Studies & Other,0.8193260541003503,0.0744841867363955,0.012801969595317974,0.029793674694558195,0.8193260541003503,0.037583763949557356,0.026010350923820643,0.0
31154069035952,Issue,,CC9 .G46,NYU Inst Study Ancient World,Oak Collection,9998699455107876,Geo-archeologia.,,0390-2196,,Japadre,L'Aquila :,1973,Archaeology--Periodicals.; Geology--Periodicals.; Archaeology.; Geology.; Periodicals.; 15.30 archaeology: general.,,,0,2000:no.1,,,,2024-12-12,2024-12-12,Cross-Cultural Studies & Other,0.8193260541003503,0.0744841867363955,0.012801969595317974,0.029793674694558195,0.8193260541003503,0.037583763949557356,0.026010350923820643,0.0
31154069035960,Book,,DS155 .S848 no.14 2023,NYU Inst Study Ancient World,Large Collection,9998699447807876,"Theonyms, panthea and syncretisms in Hittite Anatolia and Northern Syria : proceedings of the TeAI Workshop held in Verona, March 25-26, 2022 /",9791221501087,,"Theonyms, Panthea and Syncretisms in Hittite Anatolia and Northern Syria (Workshop) Verona, Italy), (2022 : author.",Firenze University Press,"Firenze, Italy :",2023.,"Hittites--Religion--Congresses.; Gods, Hittite--Turkey--Congresses.; Gods, Hittite--Syria--Congresses.; Gods, Hittite--Congresses.; Hittite Empire.; Hittites--Religion--Congrès.; Dieux hittites--Congrès.",http://vocab.getty.edu/tgn/6002562,,0,,,,,2024-12-17,2024-12-17,Ancient Western Asia,0.8109785648667511,0.8109785648667511,0.04717603839945089,0.03259435380325698,0.0,0.041116730715117754,0.012112766616075231,0.05602154559934794
